Workbook

Sheet 표지
Q1: 글자크기
A2: ( 8 )월 경영협의회 | Q2: 28 | S2: (아래를 참고해주시기 바랍니다.)
A6: ( 7 )월 실적 및 ( 8 )월 계획보고 | Q6: 18
F9: 1. | G9: 손익현황 | Q9: 14 | S9: 리스트는 다음 6개로 확정
S10: 1. 손익현황
F11: 2. | G11: 재무현황 | S11: 2. 재무현황
S12: 3. 현금흐름현황
F13: 3. | G13: 현금흐름 현황 | S13: 4. 인원현황
S14: 5. 투자현황
F15: 4. | G15: 인원현황 | S15: 6. 주요업무현황
F17: 5. | G17: 투자현황 | S17: 주요 도서 출간 현황 / 콘텐츠 작품 리스트 등은 시트명을 [별첨]으로 해주세요.
F19: 6. | G19: 주요업무현황
A23: 46248 | Q23: 14 | S23: 날짜 - 자세한 날짜
D24: =#VALUE! -> #VALUE!
A25: 주식회사 우리인터텍스 | Q25: 20 | S25: 회사명 기재
Q27: (font) 나눔바른고딕
S29: ü 페이지 레이아웃 설정 - | U29: 너비 [자동], 높이 [자동], 배율 [100%]
S30: ü 여백 설정 - | T30: 좌, 우 [1.8], 상, 하 [1.9], 머릿글, 바닥글 [0.8]
S31: ü 페이지 가운데 맞춤 - 가로 [V], 세로 [ ]
AE45: 담당 | AF45: 대표이사 | AG45: 사장

Sheet PL_26 우리
A1: 과목 | B1: 합계 | C1: 2026년 1월 | D1: 2026년 2월 | E1: 2026년 3월 | F1: 2026년 4월 | G1: 2026년 5월 | H1: 2026년 6월 | I1: 2026년 7월 | J1: 2026년 8월 | K1: 2026년 9월 | L1: 2026년 10월 | M1: 2026년 11월 | N1: 2026년 12월 | P1: 당월 | Q1: 연간누계
A2: Ⅰ.원재료비 | B2: =B3+B4-B5 -> 0 | C2: =C3+C4-C5 -> 0 | D2: =D3+D4-D5 -> 0 | E2: =E3+E4-E5 -> 0 | F2: =F3+F4-F5 -> 0 | G2: =G3+G4-G5 -> 0 | H2: =H3+H4-H5 -> 0 | I2: =I3+I4-I5 -> 0 | ... N2: =N3+N4-N5 -> 0 | P2: =N2 -> 0 | Q2: =SUM(C2:N2) -> 0 | R2: =Q2=B2 -> 1 | S2: =Q3+Q4-Q5 -> 0
A3: 기 초 원재료재고액 | B3: =SUM(C3) -> 0 | P3: =C3 -> 0 | Q3: =C3 -> 0 | R3: =Q3=B3 -> 1
A4: 당 기 원재료매입액 | B4: =SUM(C4:N4) -> 0 | P4: =N4 -> 0 | Q4: =SUM(C4:N4) -> 0 | R4: =Q4=B4 -> 1
A5: 기 말 원재료재고액 | B5: =C5 -> 0 | P5: =N5 -> 0 | Q5: =C5 -> 0 | R5: =Q5=B5 -> 1
A6: Ⅱ.부재료비 | B6: =B7+B8-B9 -> 0 | C6: =C7+C8-C9 -> 0 | D6: =D7+D8-D9 -> 0 | E6: =E7+E8-E9 -> 0 | F6: =F7+F8-F9 -> 0 | G6: =G7+G8-G9 -> 0 | H6: =H7+H8-H9 -> 0 | I6: =I7+I8-I9 -> 0 | ... N6: =N7+N8-N9 -> 0 | P6: =N6 -> 0 | Q6: =SUM(C6:N6) -> 0 | R6: =Q6=B6 -> 1
A7: 기 초 부재료재고액 | B7: =C7:C7 -> 0 | C7: 0 | D7: =C9 -> 0 | E7: =D9 -> 0 | F7: =E9 -> 0 | G7: =F9 -> 0 | H7: =G9 -> 0 | I7: =H9 -> 0 | J7: =I9 -> 0 | K7: =J9 -> 0 | ... N7: =M9 -> 0 | P7: =N7 -> 0 | Q7: =SUM(C7) -> 0 | R7: =Q7=B7 -> 1
A8: 당 기 부재료매입액 | B8: =SUM(C8:N8) -> 0 | P8: =N8 -> 0 | Q8: =SUM(C8:N8) -> 0 | R8: =Q8=B8 -> 1
A9: 기 말 부재료재고액 | B9: =N9 -> 0 | F9: 0 | P9: =N9 -> 0 | Q9: =SUM(C9:N9) -> 0 | R9: =Q9=B9 -> 1
A10: Ⅲ.노무비 | B10: =B11 -> 0 | C10: =C11 -> 0 | D10: =D11 -> 0 | E10: =E11 -> 0 | F10: =F11 -> 0 | G10: =G11 -> 0 | H10: =H11 -> 0 | I10: =I11 -> 0 | ... N10: =N11 -> 0 | P10: =N10 -> 0 | Q10: =SUM(C10:N10) -> 0 | R10: =Q10=B10 -> 1
A11: 잡 급 | B11: =SUM(C11:N11) -> 0 | P11: =N11 -> 0 | Q11: =SUM(C11:N11) -> 0 | R11: =Q11=B11 -> 1
A12: Ⅳ.경비 | B12: =SUM(B13:B19) -> 0 | C12: =SUM(C13:C19) -> 0 | D12: =SUM(D13:D19) -> 0 | E12: =SUM(E13:E19) -> 0 | F12: =SUM(F13:F19) -> 0 | G12: =SUM(G13:G19) -> 0 | H12: =SUM(H13:H19) -> 0 | I12: =SUM(I13:I19) -> 0 | ... N12: =SUM(N13:N19) -> 0 | P12: =M12 -> 0 | Q12: =SUM(C12:N12) -> 0 | R12: =Q12=B12 -> 1
A13: 복 리 후 생 비 | B13: =SUM(C13:N13) -> 0 | P13: =M13 -> 0 | Q13: =SUM(C13:N13) -> 0 | R13: =Q13=B13 -> 1
A14: 지 급 임 차 료 | B14: =SUM(C14:N14) -> 0 | P14: =M14 -> 0 | Q14: =SUM(C14:N14) -> 0 | R14: =Q14=B14 -> 1
A15: 운 반 비 | B15: =SUM(C15:N15) -> 0 | P15: =M15 -> 0 | Q15: =SUM(C15:N15) -> 0 | R15: =Q15=B15 -> 1
A16: 지 급 수 수 료 | B16: =SUM(C16:N16) -> 0 | P16: =M16 -> 0 | Q16: =SUM(C16:N16) -> 0 | R16: =Q16=B16 -> 1
A17: 외 주 가 공 비 | B17: =SUM(C17:N17) -> 0 | P17: =M17 -> 0 | Q17: =SUM(C17:N17) -> 0 | R17: =Q17=B17 -> 1
A18: 외 주 비 | B18: =SUM(C18:N18) -> 0 | P18: =M18 -> 0 | Q18: =SUM(C18:N18) -> 0 | R18: =Q18=B18 -> 1
A19: 개 발 및 그레이딩 | B19: =SUM(C19:N19) -> 0 | P19: =M19 -> 0 | Q19: =SUM(C19:N19) -> 0 | R19: =Q19=B19 -> 1
A20: Ⅴ.당기총제조비용 | B20: =SUM(C20:N20) -> 0 | C20: =C2+C6+C10+C12 -> 0 | D20: =D2+D6+D10+D12 -> 0 | E20: =E2+E6+E10+E12 -> 0 | F20: =F2+F6+F10+F12 -> 0 | G20: =G2+G6+G10+G12 -> 0 | H20: =H2+H6+H10+H12 -> 0 | I20: =I2+I6+I10+I12 -> 0 | J20: =J2+J6+J10+J12 -> 0 | ... N20: =N2+N6+N10+N12 -> 0 | P20: =M20 -> 0 | Q20: =SUM(C20:N20) -> 0 | R20: =Q20=B20 -> 1
A21: Ⅵ.기초재공품재고액 | P21: =M21 -> 0 | Q21: =SUM(C21:N21) -> 0 | R21: =Q21=B21 -> 1
A22: Ⅶ.타계정에서 대체액 | P22: =M22 -> 0 | Q22: =SUM(C22:N22) -> 0 | R22: =Q22=B22 -> 1
A23: Ⅷ.합계 | B23: =SUM(C23:N23) -> 0 | C23: =C20 -> 0 | D23: =D20 -> 0 | E23: =E20 -> 0 | F23: =F20 -> 0 | G23: =G20 -> 0 | H23: =H20 -> 0 | I23: =I20 -> 0 | J23: =J20 -> 0 | ... N23: =N20 -> 0 | P23: =M23 -> 0 | Q23: =SUM(C23:N23) -> 0 | R23: =Q23=B23 -> 1
A24: Ⅸ.기말재공품재고액 | P24: =M24 -> 0 | Q24: =SUM(C24:N24) -> 0 | R24: =Q24=B24 -> 1
A25: Ⅹ.타계정으로 대체액 | P25: =M25 -> 0 | Q25: =SUM(C25:N25) -> 0 | R25: =Q25=B25 -> 1
A26: ⅩⅠ.당기제품제조원가 | B26: =SUM(C26:N26) -> 0 | C26: =C23 -> 0 | D26: =D23 -> 0 | E26: =E23 -> 0 | F26: =F23 -> 0 | G26: =G23 -> 0 | H26: =H23 -> 0 | I26: =I23 -> 0 | J26: =J23 -> 0 | ... N26: =N23 -> 0 | P26: =M26 -> 0 | Q26: =SUM(C26:N26) -> 0 | R26: =Q26=B26 -> 1
A31: 과목 | B31: 합계 | C31: 2026년 1월 | D31: 2026년 2월 | E31: 2026년 3월 | F31: 2026년 4월 | G31: 2026년 5월 | H31: 2026년 6월 | I31: 2026년 7월 | J31: 2026년 8월 | K31: 2026년 9월 | L31: 2026년 10월 | M31: 2026년 11월 | N31: 2026년 12월 | P31: 당월 | Q31: 연간누계
A32: Ⅰ. 매 출 액 | B32: =SUM(C32:N32) -> 2209269603 | C32: =SUM(C33:C36) -> 284712111 | D32: =SUM(D33:D36) -> 507895922 | E32: =SUM(E33:E36) -> 64127445 | F32: =SUM(F33:F36) -> 455027491 | G32: =SUM(G33:G36) -> 383427327 | H32: =SUM(H33:H36) -> 380380144 | I32: =SUM(I33:I36) -> 133699163 | J32: =SUM(J33:J36) -> 0 | ... N32: =SUM(N33:N36) -> 0 | P32: =I32 -> 133699163 | Q32: =SUM(C32:N32) -> 2209269603 | R32: =Q32=B32 -> 1
A33: 상 품 매 출 | B33: =SUM(C33:N33) -> 2209269603 | C33: 284712111 | D33: 507895922 | E33: 64127445 | F33: 455027491 | G33: 383427327 | H33: 380380144 | I33: 133699163 | P33: =I33 -> 133699163 | Q33: =SUM(C33:N33) -> 2209269603 | R33: =Q33=B33 -> 1
A34: 제 품 매 출 | B34: =SUM(C34:N34) -> 0 | I34: 0 | P34: =I34 -> 0 | Q34: =SUM(C34:N34) -> 0 | R34: =Q34=B34 -> 1
A35: 수 출 매 출 | B35: =SUM(C35:N35) -> 0 | P35: =I35 -> 0
A36: 기 타 매 출 | B36: =SUM(C36:N36) -> 0 | I36: 0 | P36: =I36 -> 0 | Q36: =SUM(C36:N36) -> 0 | R36: =Q36=B36 -> 1
A37: Ⅱ. 매 출 원 가 | B37: =SUM(C37:N37) -> 1866139788 | C37: =C38+C43 -> 238215409 | D37: =D38+D43 -> 459571912 | E37: =E38+E43 -> 14847458 | F37: =F38+F43 -> 399821106 | G37: =G38+G43 -> 328467721 | H37: =H38+H43 -> 325146649 | I37: =I38+I43 -> 100069533 | J37: =J38+J43 -> 0 | ... N37: =N38+N43 -> 0 | P37: =I37 -> 100069533 | Q37: =SUM(C37:N37) -> 1866139788 | R37: =Q37=B37 -> 1
A38: 상 품 매 출 원 가 | B38: =B39+B40-B42+B41 -> 1836260319 | C38: =C39+C40-C42+C41 -> 238215409 | D38: =D39+D40-D42+D41+6543873 -> 459571912 | E38: =E39+E40-E42+E41-6543873 -> 14847458 | F38: =F39+F40-F42+F41 -> 399821106 | G38: =G39+G40-G42+G41 -> 328467721 | H38: =H39+H40-H42+H41 -> 325146649 | I38: =I39+I40-I42+I41 -> 100069533 | J38: =J39+J40-J42+J41 -> 0 | K38: =K39+K40-K42+K41 -> 0 | L38: =L39+L40-L42+L41 -> 0 | M38: =M39+M40-M42+M41 -> 0 | N38: =N39+N40-N42+N41 -> 0 | P38: =I38 -> 100069533 | Q38: =SUM(C38:N38) -> 1866139788 | R38: =Q38=B38 -> 0
A39: 기 초 상 품 재고액 | B39: =C39 -> 1089627615 | C39: 1089627615 | D39: =C42 -> 1078344448 | E39: =D42 -> 1064999154 | F39: =E42 -> 1016409141 | G39: =F42 -> 981290964 | H39: =G42 -> 946168122 | I39: =H42 -> 941063940 | K39: =J42 -> 0 | L39: =K42 -> 0 | M39: =L42 -> 0 | N39: =M42 -> 0 | P39: =I39 -> 941063940 | Q39: =SUM(C39) -> 1089627615 | R39: =Q39=B39 -> 1
A40: 당 기 상 품 매입액 | B40: =SUM(C40:N40) -> 1862789775 | C40: 238134551 | D40: 452844554 | E40: 21257604 | F40: 399702929 | G40: 328344879 | H40: 325042467 | I40: 97462791 | P40: =I40 -> 97462791 | Q40: =SUM(C40:N40) -> 1862789775 | R40: =Q40=B40 -> 1
A41: 재고자산 평가 손실 | B41: =SUM(C41:N41) -> -175093131 | C41: -11202309 | D41: -13161809 | E41: -48456286 | F41: -35000000 | G41: -35000000 | H41: -5000000 | I41: -27272727 | P41: =I41 -> -27272727 | Q41: =SUM(C41:N41) -> -175093131 | R41: =Q41=B41 -> 1
A42: 기 말 상 품 재고액 | B42: =H42 -> 941063940 | C42: 1078344448 | D42: 1064999154 | E42: 1016409141 | F42: 981290964 | G42: 946168122 | H42: 941063940 | I42: 911184471 | P42: =I42 -> 911184471 | Q42: =SUM(I42) -> 911184471 | R42: =Q42=B42 -> 0
A43: 제 품 매 출 원 가 | B43: =B44+B45-B46 -> 0 | C43: =C44+C45-C46 -> 0 | D43: =D44+D45-D46 -> 0 | E43: =E44+E45-E46 -> 0 | F43: =F44+F45-F46 -> 0 | G43: =G44+G45-G46 -> 0 | H43: =H44+H45-H46 -> 0 | I43: =I44+I45-I46 -> 0 | ... N43: =N44+N45-N46 -> 0 | P43: =I43 -> 0 | Q43: =SUM(C43:N43) -> 0 | R43: =Q43=B43 -> 1 | S43: =Q43-B43 -> 0
A44: 기 초 제 품 재고액 | B44: =C44 -> 230834232 | C44: 230834232 | D44: =C46 -> 230834232 | E44: =D46 -> 230834232 | F44: =E46 -> 230834232 | G44: =F46 -> 230834232 | H44: =G46 -> 230834232 | I44: =H46 -> 230834232 | K44: =J46 -> 0 | L44: =K46 -> 0 | M44: =L46 -> 0 | N44: =M46 -> 0 | P44: =I44 -> 230834232 | Q44: =SUM(C44) -> 230834232 | R44: =Q44=B44 -> 1
A45: 당 기 제품제조원가 | B45: =SUM(C45:N45) -> 0 | I45: 0 | P45: =I45 -> 0 | Q45: =SUM(C45:N45) -> 0 | R45: =Q45=B45 -> 1
A46: 기 말 제 품 재고액 | B46: =E46 -> 230834232 | C46: 230834232 | D46: 230834232 | E46: 230834232 | F46: 230834232 | G46: 230834232 | H46: 230834232 | I46: 230834232 | P46: =I46 -> 230834232 | Q46: =SUM(I46) -> 230834232 | R46: =Q46=B46 -> 1
A47: Ⅲ. 매 출 총 이 익 | B47: =SUM(C47:N47) -> 343129815 | C47: =C32-C37 -> 46496702 | D47: =D32-D37 -> 48324010 | E47: =E32-E37 -> 49279987 | F47: =F32-F37 -> 55206385 | G47: =G32-G37 -> 54959606 | H47: =H32-H37 -> 55233495 | I47: =I32-I37 -> 33629630 | J47: =J32-J37 -> 0 | ... N47: =N32-N37 -> 0 | P47: =I47 -> 33629630 | Q47: =SUM(C47:N47) -> 343129815 | R47: =Q47=B47 -> 1
A48: Ⅳ. 판 매 비 와 관 리 비 | B48: =SUM(C48:N48) -> 272502679 | C48: =SUM(C49:C69) -> 41847287 | D48: =SUM(D49:D69) -> 45375216 | E48: =SUM(E49:E69) -> 33989692 | F48: =SUM(F49:F69) -> 38042066 | G48: =SUM(G49:G69) -> 35926094 | H48: =SUM(H49:H69) -> 48428362 | I48: =SUM(I49:I69) -> 28893962 | J48: =SUM(J49:J69) -> 0 | ... N48: =SUM(N49:N69) -> 0 | P48: =I48 -> 28893962 | Q48: =SUM(C48:N48) -> 272502679 | R48: =Q48=B48 -> 1
A49: 직 원 급 여 | B49: =SUM(C49:N49) -> 128633106 | C49: 20855010 | D49: 20855010 | E49: 17836406 | F49: 17271670 | G49: 17271670 | H49: 17271670 | I49: 17271670 | P49: =I49 -> 17271670 | Q49: =SUM(C49:N49) -> 128633106 | R49: =Q49=B49 -> 1
A50: 상 여 금 | B50: =SUM(C50:N50) -> 2000000 | D50: 2000000 | I50: 0 | P50: =I50 -> 0 | Q50: =SUM(C50:N50) -> 2000000 | R50: =Q50=B50 -> 1
A51: 잡 급 | B51: =SUM(C51:N51) -> 0 | P51: =I51 -> 0 | Q51: =SUM(C51:N51) -> 0 | R51: =Q51=B51 -> 1
A52: 퇴 직 급 여 | B52: =SUM(C52:N52) -> 2830536 | C52: 599029 | D52: 682361 | E52: 347478 | F52: 300417 | G52: 300417 | H52: 300417 | I52: 300417 | P52: =I52 -> 300417 | Q52: =SUM(C52:N52) -> 2830536 | R52: =Q52=B52 -> 1
A53: 복 리 후 생 비 | B53: =SUM(C53:N53) -> 4821799 | C53: 426692 | D53: 504570 | E53: 510943 | F53: 438426 | G53: 1380552 | H53: 462824 | I53: 1097792 | P53: =I53 -> 1097792 | Q53: =SUM(C53:N53) -> 4821799 | R53: =Q53=B53 -> 1
A54: 여 비 교 통 비 | B54: =SUM(C54:N54) -> 1173900 | C54: 112700 | D54: 161400 | E54: 583800 | F54: 62800 | G54: 87100 | H54: 64100 | I54: 102000 | P54: =I54 -> 102000 | Q54: =SUM(C54:N54) -> 1173900 | R54: =Q54=B54 -> 1
A55: 접 대 비 | B55: =SUM(C55:N55) -> 3630000 | D55: 1500000 | F55: 675000 | H55: 655000 | I55: 800000 | P55: =I55 -> 800000 | Q55: =SUM(C55:N55) -> 3630000 | R55: =Q55=B55 -> 1
A56: 통 신 비 | B56: =SUM(C56:N56) -> 379650 | C56: 81452 | D56: 62181 | E56: 68180 | F56: 48887 | G56: 38341 | H56: 38215 | I56: 42394 | P56: =I56 -> 42394 | Q56: =SUM(C56:N56) -> 379650 | R56: =Q56=B56 -> 1
A57: 전 력 비 | B57: =SUM(C57:N57) -> 387620 | C57: 127240 | D57: 62494 | E57: 53199 | F57: 39119 | G57: 37717 | H57: 33680 | I57: 34171 | P57: =I57 -> 34171 | Q57: =SUM(C57:N57) -> 387620 | R57: =Q57=B57 -> 1
A58: 세 금 과 공 과 금 | B58: =SUM(C58:N58) -> 8434820 | C58: 1446120 | D58: 1437780 | E58: 1238710 | F58: 968370 | G58: 1079500 | H58: 1168030 | I58: 1096310 | P58: =I58 -> 1096310 | Q58: =SUM(C58:N58) -> 8434820 | R58: =Q58=B58 -> 1
A59: 감 가 상 각 비 | B59: =SUM(C59:N59) -> 2107910 | C59: 301130 | D59: 301130 | E59: 301130 | F59: 301130 | G59: 301130 | H59: 301130 | I59: 301130 | P59: =I59 -> 301130 | Q59: =SUM(C59:N59) -> 2107910 | R59: =Q59=B59 -> 1
A60: 지 급 임 차 료 | B60: =SUM(C60:N60) -> 19600000 | C60: 2800000 | D60: 2800000 | E60: 2800000 | F60: 2800000 | G60: 2800000 | H60: 2800000 | I60: 2800000 | P60: =I60 -> 2800000 | Q60: =SUM(C60:N60) -> 19600000 | R60: =Q60=B60 -> 1
A61: 보 험 료 | B61: =SUM(C61:N61) -> 2243980 | C61: 173666 | D61: 442526 | E61: 308096 | F61: 308833 | G61: 308833 | H61: 351013 | I61: 351013 | P61: =I61 -> 351013 | Q61: =SUM(C61:N61) -> 2243980 | R61: =Q61=B61 -> 1
A62: 차 량 유 지 비 | B62: =SUM(C62:N62) -> 20000 | C62: 20000 | I62: 0 | P62: =I62 -> 0 | Q62: =SUM(C62:N62) -> 20000 | R62: =Q62=B62 -> 1
A63: 운 반 비 | B63: =SUM(C63:N63) -> 4599538 | C63: =10239992-C67 -> 0 | D63: =14303218-D67 -> 6300 | E63: 3200 | H63: 3091 | I63: 4586947 | P63: =I63 -> 4586947 | Q63: =SUM(C63:N63) -> 4599538 | R63: =Q63=B63 -> 1
A64: 소 모 품 비 | B64: =SUM(C64:N64) -> 139933 | C64: 30191 | E64: 9973 | F64: 42979 | G64: 14372 | I64: 42418 | P64: =I64 -> 42418 | Q64: =SUM(C64:N64) -> 139933 | R64: =Q64=B64 -> 1
A65: 지 급 수 수 료 | B65: =SUM(C65:N65) -> 30143951 | C65: 4634065 | D65: 262546 | E65: 9928577 | F65: 330046 | G65: 235000 | H65: 14686017 | I65: 67700 | P65: =I65 -> 67700 | Q65: =SUM(C65:N65) -> 30143951 | R65: =Q65=B65 -> 1
A66: 광 고 선 전 비 | B66: =SUM(C66:N66) -> 0 | P66: =I66 -> 0 | Q66: =SUM(C66:N66) -> 0 | R66: =Q66=B66 -> 1
A67: 외 주 위 탁 비 | B67: =SUM(C67:N67) -> 61355936 | C67: 10239992 | D67: 14296918 | F67: 14454389 | G67: 12071462 | H67: 10293175 | P67: =I67 -> 0 | Q67: =SUM(C67:N67) -> 61355936 | R67: =Q67=B67 -> 1 | S67: 휴맥스 운반비
A68: 대 손 상 각 비 | B68: =SUM(C68:N68) -> 0 | P68: =I68 -> 0 | Q68: =SUM(C68:N68) -> 0 | R68: =Q68=B68 -> 1
A69: 외 주 용 역 비 | B69: =SUM(C69:N69) -> 0 | P69: =I69 -> 0 | Q69: =SUM(C69:N69) -> 0 | R69: =Q69=B69 -> 1
A70: Ⅴ. 영 업 이 익 | B70: =SUM(C70:N70) -> 70627136 | C70: =C47-C48 -> 4649415 | D70: =D47-D48 -> 2948794 | E70: =E47-E48 -> 15290295 | F70: =F47-F48 -> 17164319 | G70: =G47-G48 -> 19033512 | H70: =H47-H48 -> 6805133 | I70: =I47-I48 -> 4735668 | J70: =J47-J48 -> 0 | ... N70: =N47-N48 -> 0 | P70: =I70 -> 4735668 | Q70: =SUM(C70:N70) -> 70627136 | R70: =Q70=B70 -> 1
A71: Ⅵ. 영 업 외 수 익 | B71: =SUM(C71:N71) -> 124461138 | C71: =SUM(C72:C76) -> 10552447 | D71: =SUM(D72:D76) -> 10217313 | E71: =SUM(E72:E76) -> 51656224 | F71: =SUM(F72:F76) -> 19601278 | G71: =SUM(G72:G76) -> 9498045 | H71: =SUM(H72:H76) -> 8838039 | I71: =SUM(I72:I76) -> 14097792 | J71: =SUM(J72:J76) -> 0 | ... N71: =SUM(N72:N76) -> 0 | P71: =I71 -> 14097792 | Q71: =SUM(C71:N71) -> 124461138 | R71: =Q71=B71 -> 1
A72: 이 자 수 익 | B72: =SUM(C72:N72) -> 72522 | C72: 603 | E72: 15077 | F72: 1147 | G72: 798 | H72: 54247 | I72: 650 | P72: =I72 -> 650 | Q72: =SUM(C72:N72) -> 72522 | R72: =Q72=B72 -> 1
A73: 외 환 차 익 | B73: =SUM(C73:N73) -> 0 | P73: =I73 -> 0 | Q73: =SUM(C73:N73) -> 0 | R73: =Q73=B73 -> 1
A74: 대손충당금환입 | B74: =SUM(C74:N74) -> 30000000 | E74: 10000000 | F74: 10000000 | I74: 10000000 | P74: =I74 -> 10000000 | Q74: =SUM(C74:N74) -> 30000000 | R74: =Q74=B74 -> 1
A75: 지분법적용투자주식처분이익 | B75: =SUM(C75:N75) -> 0 | P75: =I75 -> 0 | Q75: =SUM(C75:N75) -> 0 | R75: =Q75=B75 -> 1
A76: 잡 이 익 | B76: =SUM(C76:N76) -> 94388616 | C76: 10551844 | D76: 10217313 | E76: 41641147 | F76: 9600131 | G76: 9497247 | H76: 8783792 | I76: 4097142 | P76: =I76 -> 4097142 | Q76: =SUM(C76:N76) -> 94388616 | R76: =Q76=B76 -> 1
A77: Ⅶ. 영 업 외 비 용 | B77: =SUM(C77:N77) -> 754437158 | C77: =SUM(C78:C82) -> 98935577 | D77: =SUM(D78:D82) -> 86428798 | E77: =SUM(E78:E82) -> 130970531 | F77: =SUM(F78:F82) -> 97721744 | G77: =SUM(G78:G82) -> 99953188 | H77: =SUM(H78:H82) -> 139782479 | I77: =SUM(I78:I79) -> 100644841 | J77: =SUM(J78:J82) -> 0 | K77: =SUM(K78:K82) -> 0 | L77: =SUM(L78:L82) -> 0 | M77: =SUM(M78:M82) -> 0 | N77: =SUM(N78:N82) -> 0 | P77: =I77 -> 100644841 | Q77: =SUM(C77:N77) -> 754437158 | R77: =Q77=B77 -> 1
A78: 이 자 비 용 | B78: =SUM(C78:N78) -> 754437158 | C78: 98935577 | D78: 86428798 | E78: 130970531 | F78: 97721744 | G78: 99953188 | H78: 139782479 | I78: 100644841 | P78: =I78 -> 100644841 | Q78: =SUM(C78:N78) -> 754437158 | R78: =Q78=B78 -> 1
A79: 외 환 차 손 | B79: =SUM(C79:N79) -> 0 | I79: 0 | P79: =I79 -> 0 | Q79: =SUM(C79:N79) -> 0 | R79: =Q79=B79 -> 1
A80: 외 화 환 산 손 실 | B80: =SUM(C80:N80) -> -81811381 | I80: =I70+I71-I77 -> -81811381 | P80: =I80 -> -81811381 | Q80: =SUM(C80:N80) -> -81811381 | R80: =Q80=B80 -> 1
A81: 유 형 자산처분손실 | B81: =SUM(C81:N81) -> 0 | P81: =I81 -> 0 | Q81: =SUM(C81:N81) -> 0 | R81: =Q81=B81 -> 1
A82: 잡 손 실 | B82: =SUM(C82:N82) -> 0 | P82: =I82 -> 0 | Q82: =SUM(C82:N82) -> 0 | R82: =Q82=B82 -> 1
A83: Ⅷ. 법 인 세 차 감 전 이 익 | B83: =SUM(C83:N83) -> -559348884 | C83: =C70+C71-C77 -> -83733715 | D83: =D70+D71-D77 -> -73262691 | E83: =E70+E71-E77 -> -64024012 | F83: =F70+F71-F77 -> -60956147 | G83: =G70+G71-G77 -> -71421631 | H83: =H70+H71-H77 -> -124139307 | I83: =I70+I71-I77 -> -81811381 | J83: =J70+J71-J77 -> 0 | ... N83: =N70+N71-N77 -> 0 | P83: =I83 -> -81811381 | Q83: =SUM(C83:N83) -> -559348884 | R83: =Q83=B83 -> 1
A84: Ⅸ. 법 인 세 등 | B84: =SUM(C84:N84) -> 0 | P84: =I84 -> 0 | Q84: =SUM(C84:N84) -> 0 | R84: =Q84=B84 -> 1
A85: Ⅹ. 당 기 순 이 익 | B85: =SUM(C85:N85) -> -559348884 | C85: =C83-C84 -> -83733715 | D85: =D83-D84 -> -73262691 | E85: =E83-E84 -> -64024012 | F85: =F83-F84 -> -60956147 | G85: =G83-G84 -> -71421631 | H85: =H83-H84 -> -124139307 | I85: =I83-I84 -> -81811381 | J85: =J83-J84 -> 0 | ... N85: =N83-N84 -> 0 | P85: =I85 -> -81811381 | Q85: =SUM(C85:N85) -> -559348884 | R85: =Q85=B85 -> 1
O91: 인건비 | P91: =SUM(P49:P52) -> 17572087 | Q91: =SUM(Q49:Q52) -> 133463642
O92: 간접인건비
O93: 관리비 | P93: =+P48-P91-P94 -> 11020745 | Q93: =+Q48-Q91-Q94 -> 136931127
O94: 감가상각비 | P94: =+P59 -> 301130 | Q94: =+Q59 -> 2107910

Sheet BS_우리인터텍스
A1: 과목 | B1: 제 28(당)기[2026/01/01 ~ 2026/07/31] | D1: 제 27(전)기[2025/01/01 ~ 2025/12/31] | H1: 과목 | I1: =B1 -> 제 28(당)기[2026/01/01 ~ 2026/07/31] | K1: =D1 -> 제 27(전)기[2025/01/01 ~ 2025/12/31]
B2: 금 액 | D2: 금 액 | I2: 금 액 | K2: 금 액
A3: 자 산 | G3: =H3=A3 -> 1 | H3: 자 산 | N3: 자 산 | P3: =H3=N3 -> 1
A4: Ⅰ. 유 동 자 산 | C4: =J4 -> 2657446277 | E4: =L4 -> 1792860915 | G4: =H4=A4 -> 1 | H4: Ⅰ. 유 동 자 산 | J4: =J5+J19 -> 2657446277 | L4: =L5+L19 -> 1792860915 | N4: Ⅰ. 유 동 자 산 | P4: =H4=N4 -> 1 | Q4: =C4=J4 -> 1
A5: (1) 당 좌 자 산 | C5: =J5 -> 2657446277 | E5: =L5 -> 1789510902 | G5: =H5=A5 -> 1 | H5: (1) 당 좌 자 산 | J5: =SUM(J6:J18,0) -> 2657446277 | L5: =SUM(L6:L18,0) -> 1789510902 | N5: (1) 당 좌 자 산 | P5: =H5=N5 -> 1 | Q5: =C5=J5 -> 1
A6: 현 금 | C6: =J6 -> 262875 | E6: =L6 -> 103005 | G6: =H6=A6 -> 1 | H6: 현 금 | J6: 262875 | L6: 103005 | N6: 현 금 | P6: =H6=N6 -> 1 | Q6: =C6=J6 -> 1
A7: 보 통 예 금 | C7: =J7 -> 560254519 | E7: =L7 -> 884266 | G7: =H7=A7 -> 1 | H7: 보 통 예 금 | J7: 560254519 | L7: 884266 | N7: 보 통 예 금 | P7: =H7=N7 -> 1 | Q7: =C7=J7 -> 1
A8: 외 화 보 통 예 금 | C8: =J8 -> 4645043 | E8: =L8 -> 45254120 | G8: =H8=A8 -> 1 | H8: 외 화 보 통 예 금 | J8: 4645043 | L8: 45254120 | N8: 외 화 보 통 예 금 | P8: =H8=N8 -> 1 | Q8: =C8=J8 -> 1
A9: 정 기 예 적 금 | C9: =J9 -> 0 | E9: =L9 -> 0 | G9: =H9=A9 -> 1 | H9: 정 기 예 적 금 | N9: 정 기 예 적 금 | P9: =H9=N9 -> 1 | Q9: =C9=J9 -> 1
A10: 외 상 매 출 금 | C10: =J10 -> 2079944752 | E10: =L10 -> 1720894049 | G10: =H10=A10 -> 1 | H10: 외 상 매 출 금 | J10: 2079944752 | L10: 1720894049 | N10: 외 상 매 출 금 | P10: =H10=N10 -> 1 | Q10: =C10=J10 -> 1
A11: 단 기 대 여 금 | C11: =J11 -> 0 | E11: =L11 -> 0 | G11: =H11=A11 -> 1 | H11: 단 기 대 여 금 | J11: 0 | L11: 0 | N11: 단 기 대 여 금 | P11: =H11=N11 -> 1 | Q11: =C11=J11 -> 1
A12: 미 수 수 익 | C12: =J12 -> 0 | E12: =L12 -> 0 | G12: =H12=A12 -> 1 | H12: 미 수 수 익 | J12: 0 | L12: 0 | N12: 미 수 수 익 | P12: =H12=N12 -> 1 | Q12: =C12=J12 -> 1
A13: 미 수 금 | C13: =J13 -> 44817 | E13: =L13 -> 44817 | G13: =H13=A13 -> 1 | H13: 미 수 금 | J13: 44817 | L13: 44817 | N13: 미 수 금 | P13: =H13=N13 -> 1 | Q13: =C13=J13 -> 1
A14: 계 약 금 | C14: =J14 -> 0 | E14: =L14 -> 0 | G14: =H14=A14 -> 1 | H14: 계 약 금 | N14: 계 약 금 | P14: =H14=N14 -> 1 | Q14: =C14=J14 -> 1
A15: 선 급 금 | C15: =J15 -> 0 | E15: =L15 -> 17481100 | G15: =H15=A15 -> 1 | H15: 선 급 금 | L15: 17481100 | N15: 선 급 금 | P15: =H15=N15 -> 1 | Q15: =C15=J15 -> 1
A16: 선 급 비 용 | C16: =J16 -> 1997785 | E16: =L16 -> 1323425 | G16: =H16=A16 -> 1 | H16: 선 급 비 용 | J16: 1997785 | L16: 1323425 | N16: 선 급 비 용 | P16: =H16=N16 -> 1 | Q16: =C16=J16 -> 1
A17: 부 가 세 대 급 금 | C17: =J17 -> 10285956 | E17: =L17 -> 0 | G17: =H17=A17 -> 1 | H17: 부 가 세 대 급 금 | J17: 10285956 | L17: 0 | N17: 부 가 세 대 급 금 | P17: =H17=N17 -> 1 | Q17: =C17=J17 -> 1
A18: 선 납 세 금 | C18: =J18 -> 10530 | E18: =L18 -> 3526120 | G18: =H18=A18 -> 1 | H18: 선 납 세 금 | J18: 10530 | L18: 3526120 | N18: 선 납 세 금 | P18: =H18=N18 -> 1 | Q18: =C18=J18 -> 1
A19: (2) 재 고 자 산 | C19: =J19 -> 0 | E19: =L19 -> 3350013 | G19: =H19=A19 -> 1 | H19: (2) 재 고 자 산 | J19: =SUM(J20:J22,0) -> 0 | L19: =SUM(L20:L22,0) -> 3350013 | N19: (2) 재 고 자 산 | P19: =H19=N19 -> 1 | Q19: =C19=J19 -> 1
A20: 상 품 | C20: =J20 -> 0 | E20: =L20 -> 3350013 | G20: =H20=A20 -> 1 | H20: 상 품 | L20: 3350013 | N20: 상 품 | P20: =H20=N20 -> 1 | Q20: =C20=J20 -> 1
A21: 제 품 | C21: =J21 -> 0 | E21: =L21 -> 0 | G21: =H21=A21 -> 1 | H21: 제 품 | L21: 0 | N21: 제 품 | P21: =H21=N21 -> 1 | Q21: =C21=J21 -> 1
A22: 원 재 료 | C22: =J22 -> 0 | E22: =L22 -> 0 | G22: =H22=A22 -> 1 | H22: 원 재 료 | N22: 원 재 료 | P22: =H22=N22 -> 1 | Q22: =C22=J22 -> 1
A23: 부 재 료 | C23: =J23 -> 0 | E23: =L23 -> 0 | G23: =H23=A23 -> 1 | H23: 부 재 료 | N23: 부 재 료 | P23: =H23=N23 -> 1 | Q23: =C23=J23 -> 1
A24: Ⅱ. 비 유 동 자 산 | C24: =J24 -> 21839373782 | E24: =L24 -> 22923655684 | G24: =H24=A24 -> 1 | H24: Ⅱ. 비 유 동 자 산 | J24: =J25+J29+J38+J41 -> 21839373782 | L24: =L25+L29+L38+L41 -> 22923655684 | N24: Ⅱ. 비 유 동 자 산 | P24: =H24=N24 -> 1 | Q24: =C24=J24 -> 1
A25: (1) 투 자 자 산 | C25: =J25 -> 20350490411 | E25: =L25 -> 20350490411 | G25: =H25=A25 -> 1 | H25: (1) 투 자 자 산 | J25: =SUM(J26:J28,0) -> 20350490411 | L25: =SUM(L26:L28,0) -> 20350490411 | N25: (1) 투 자 자 산 | P25: =H25=N25 -> 1 | Q25: =C25=J25 -> 1
A26: 매 도 가 능 증 권 | C26: =J26 -> 109910000 | E26: =L26 -> 109910000 | G26: =H26=A26 -> 1 | H26: 매 도 가 능 증 권 | J26: 109910000 | L26: 109910000 | N26: 매 도 가 능 증 권 | P26: =H26=N26 -> 1 | Q26: =C26=J26 -> 1
A27: 지 분 법 적 용 투자주식 | C27: =J27 -> 20237914013 | E27: =L27 -> 20237914013 | G27: =H27=A27 -> 1 | H27: 지 분 법 적 용 투자주식 | J27: 20237914013 | L27: 20237914013 | N27: 지 분 법 적 용 투자주식 | P27: =H27=N27 -> 1 | Q27: =C27=J27 -> 1
A28: 퇴 직 보 험 예 치 금 | C28: =J28 -> 2666398 | E28: =L28 -> 2666398 | G28: =H28=A28 -> 1 | H28: 퇴 직 보 험 예 치 금 | J28: 2666398 | L28: 2666398 | N28: 퇴 직 보 험 예 치 금 | P28: =H28=N28 -> 1 | Q28: =C28=J28 -> 1
A29: (2) 유 형 자 산 | C29: =J29 -> 5180584 | E29: =L29 -> 7288494 | G29: =H29=A29 -> 1 | H29: (2) 유 형 자 산 | J29: =SUM(J30:J37) -> 5180584 | L29: =SUM(L30:L37) -> 7288494 | N29: (2) 유 형 자 산 | P29: =H29=N29 -> 1 | Q29: =C29=J29 -> 1
A30: 기 계 장 치 | B30: =I30 -> 86822518 | C30: =J30 -> 0 | D30: =K30 -> 86822518 | E30: =L30 -> 0 | G30: =H30=A30 -> 1 | H30: 기 계 장 치 | I30: 86822518 | K30: 86822518 | N30: 기 계 장 치 | P30: =H30=N30 -> 1 | Q30: =C30=J30 -> 1
A31: 감 가 상 각 누 계 액 | B31: =I31 -> 86816518 | C31: =J31 -> 6000 | D31: =K31 -> 86816518 | E31: =L31 -> 6000 | G31: =H31=A31 -> 1 | H31: 감 가 상 각 누 계 액 | I31: 86816518 | J31: =I30-I31 -> 6000 | K31: 86816518 | L31: =K30-K31 -> 6000 | N31: 감 가 상 각 누 계 액 | P31: =H31=N31 -> 1 | Q31: =C31=J31 -> 1
A32: 차 량 운 반 구 | B32: =I32 -> 110968776 | C32: =J32 -> 0 | D32: =K32 -> 110968776 | E32: =L32 -> 0 | G32: =H32=A32 -> 1 | H32: 차 량 운 반 구 | I32: 110968776 | K32: 110968776 | N32: 차 량 운 반 구 | P32: =H32=N32 -> 1 | Q32: =C32=J32 -> 1
A33: 감 가 상 각 누 계 액 | B33: =I33 -> 105840560 | C33: =J33 -> 5128216 | D33: =K33 -> 103732650 | E33: =L33 -> 7236126 | G33: =H33=A33 -> 1 | H33: 감 가 상 각 누 계 액 | I33: 105840560 | J33: =I32-I33 -> 5128216 | K33: 103732650 | L33: =K32-K33 -> 7236126 | N33: 감 가 상 각 누 계 액 | P33: =H33=N33 -> 1 | Q33: =C33=J33 -> 1
A34: 비 품 | B34: =I34 -> 47994865 | C34: =J34 -> 0 | D34: =K34 -> 47994865 | E34: =L34 -> 0 | G34: =H34=A34 -> 1 | H34: 비 품 | I34: 47994865 | K34: 47994865 | N34: 비 품 | P34: =H34=N34 -> 1 | Q34: =C34=J34 -> 1
A35: 감 가 상 각 누 계 액 | B35: =I35 -> 47953865 | C35: =J35 -> 41000 | D35: =K35 -> 47953865 | E35: =L35 -> 41000 | G35: =H35=A35 -> 1 | H35: 감 가 상 각 누 계 액 | I35: 47953865 | J35: =I34-I35 -> 41000 | K35: 47953865 | L35: =K34-K35 -> 41000 | N35: 감 가 상 각 누 계 액 | P35: =H35=N35 -> 1 | Q35: =C35=J35 -> 1
A36: 시 설 장 치 | B36: =I36 -> 37906280 | C36: =J36 -> 0 | D36: =K36 -> 37906280 | E36: =L36 -> 0 | G36: =H36=A36 -> 1 | H36: 시 설 장 치 | I36: 37906280 | K36: 37906280 | N36: 시 설 장 치 | P36: =H36=N36 -> 1 | Q36: =C36=J36 -> 1
A37: 감 가 상 각 누 계 액 | B37: =I37 -> 37900912 | C37: =J37 -> 5368 | D37: =K37 -> 37900912 | E37: =L37 -> 5368 | G37: =H37=A37 -> 1 | H37: 감 가 상 각 누 계 액 | I37: 37900912 | J37: =I36-I37 -> 5368 | K37: 37900912 | L37: =K36-K37 -> 5368 | N37: 감 가 상 각 누 계 액 | P37: =H37=N37 -> 1 | Q37: =C37=J37 -> 1
A38: (3) 무 형 자 산 | C38: =J38 -> 1350000 | E38: =L38 -> 1350000 | G38: =H38=A38 -> 1 | H38: (3) 무 형 자 산 | J38: =SUM(J39:J40,0) -> 1350000 | L38: =SUM(L39:L40,0) -> 1350000 | N38: (3) 무 형 자 산 | P38: =H38=N38 -> 1 | Q38: =C38=J38 -> 1
A39: 특 허 권 | C39: =J39 -> 1350000 | E39: =L39 -> 1350000 | G39: =H39=A39 -> 1 | H39: 특 허 권 | J39: 1350000 | L39: 1350000 | N39: 특 허 권 | P39: =H39=N39 -> 1 | Q39: =C39=J39 -> 1
A40: 개 발 비 | C40: =J40 -> 0 | E40: =L40 -> 0 | G40: =H40=A40 -> 1 | H40: 개 발 비 | J40: 0 | L40: 0 | N40: 개 발 비 | P40: =H40=N40 -> 1 | Q40: =C40=J40 -> 1
A41: (4) 기 타 비 유 동 자 산 | C41: =J41 -> 1482352787 | E41: =L41 -> 2564526779 | G41: =H41=A41 -> 1 | H41: (4) 기 타 비 유 동 자 산 | J41: =SUM(J42:J45,0) -> 1482352787 | L41: =SUM(L42:L45,0) -> 2564526779 | N41: (4) 기 타 비 유 동 자 산 | P41: =H41=N41 -> 1 | Q41: =C41=J41 -> 1
A42: 임 차 보 증 금 | C42: =J42 -> 25000000 | E42: =L42 -> 1525000000 | G42: =H42=A42 -> 1 | H42: 임 차 보 증 금 | J42: 25000000 | L42: 1525000000 | N42: 임 차 보 증 금 | P42: =H42=N42 -> 1 | Q42: =C42=J42 -> 1
A43: 기 타 보 증 금 | C43: =J43 -> 421528308 | E43: =L43 -> 3702300 | G43: =H43=A43 -> 1 | H43: 기 타 보 증 금 | J43: 421528308 | L43: 3702300 | N43: 기 타 보 증 금 | P43: =H43=N43 -> 1 | Q43: =C43=J43 -> 1
A44: 회 생 채 권 | C44: =J44 -> 1035824479 | E44: =L44 -> 1035824479 | G44: =H44=A44 -> 1 | H44: 회 생 채 권 | J44: 1035824479 | L44: 1035824479 | N44: 회 생 채 권 | P44: =H44=N44 -> 1 | Q44: =C44=J44 -> 1
A45: 전 신 전 화 가 입 권 | C45: =J45 -> 0 | E45: =L45 -> 0 | G45: =H45=A45 -> 1 | H45: 전 신 전 화 가 입 권 | J45: 0 | L45: 0 | N45: 전 신 전 화 가 입 권 | P45: =H45=N45 -> 1 | Q45: =C45=J45 -> 1
A46: 자 산 총 계 | C46: =J46 -> 24496820059 | E46: =L46 -> 24716516599 | G46: =H46=A46 -> 1 | H46: 자 산 총 계 | J46: =J4+J24 -> 24496820059 | L46: =L4+L24 -> 24716516599 | N46: 자 산 총 계 | P46: =H46=N46 -> 1 | Q46: =C46=J46 -> 1
A47: 부 채 | C47: =J47 -> 0 | E47: =L47 -> 0 | G47: =H47=A47 -> 1 | H47: 부 채 | N47: 부 채 | P47: =H47=N47 -> 1 | Q47: =C47=J47 -> 1
A48: Ⅰ. 유 동 부 채 | C48: =J48 -> 24430685564 | E48: =L48 -> 24091033220 | G48: =H48=A48 -> 1 | H48: Ⅰ. 유 동 부 채 | J48: =SUM(J49:J58,0) -> 24430685564 | L48: =SUM(L49:L58,0) -> 24091033220 | N48: Ⅰ. 유 동 부 채 | P48: =H48=N48 -> 1 | Q48: =C48=J48 -> 1
A49: 외 상 매 입 금 | C49: =J49 -> 1482593003 | E49: =L49 -> 2062661952 | G49: =H49=A49 -> 1 | H49: 외 상 매 입 금 | J49: 1482593003 | L49: 2062661952 | N49: 외 상 매 입 금 | P49: =H49=N49 -> 1 | Q49: =C49=J49 -> 1
A50: 지 급 어 음 | C50: =J50 -> 0 | E50: =L50 -> 0 | G50: =H50=A50 -> 1 | H50: 지 급 어 음 | N50: 지 급 어 음 | P50: =H50=N50 -> 1 | Q50: =C50=J50 -> 1
A51: 미 지 급 금 | C51: =J51 -> 700000000 | E51: =L51 -> 700000000 | G51: =H51=A51 -> 1 | H51: 미 지 급 금 | J51: 700000000 | L51: 700000000 | N51: 미 지 급 금 | P51: =H51=N51 -> 1 | Q51: =C51=J51 -> 1
A52: 예 수 금 | C52: =J52 -> 18415260 | E52: =L52 -> 87400010 | G52: =H52=A52 -> 1 | H52: 예 수 금 | J52: 18415260 | L52: 87400010 | N52: 예 수 금 | P52: =H52=N52 -> 1 | Q52: =C52=J52 -> 1
A53: 부 가 세 예 수 금 | C53: =J53 -> 13369917 | E53: =L53 -> 0 | G53: =H53=A53 -> 1 | H53: 부 가 세 예 수 금 | J53: 13369917 | L53: 0 | N53: 부 가 세 예 수 금 | P53: =H53=N53 -> 1 | Q53: =C53=J53 -> 1
A54: 선 수 금 | C54: =J54 -> 0 | E54: =L54 -> 0 | G54: =H54=A54 -> 1 | H54: 선 수 금 | J54: 0 | L54: 0 | N54: 선 수 금 | P54: =H54=N54 -> 1 | Q54: =C54=J54 -> 1
A55: 단 기 차 입 금 | C55: =J55 -> 20363180800 | E55: =L55 -> 19894576356 | G55: =H55=A55 -> 1 | H55: 단 기 차 입 금 | J55: 20363180800 | L55: 19894576356 | N55: 단 기 차 입 금 | P55: =H55=N55 -> 1 | Q55: =C55=J55 -> 1
A56: 미 지 급 세 금 | C56: =J56 -> 0 | E56: =L56 -> 0 | G56: =H56=A56 -> 1 | H56: 미 지 급 세 금 | J56: 0 | L56: 0 | N56: 미 지 급 세 금 | P56: =H56=N56 -> 1 | Q56: =C56=J56 -> 1
A57: 미 지 급 비 용 | C57: =J57 -> 1853126584 | E57: =L57 -> 1346394902 | G57: =H57=A57 -> 1 | H57: 미 지 급 비 용 | J57: 1853126584 | L57: 1346394902 | N57: 미 지 급 비 용 | P57: =H57=N57 -> 1 | Q57: =C57=J57 -> 1
A58: 유 동 성 장 기 부 채 | C58: =J58 -> 0 | E58: =L58 -> 0 | G58: =H58=A58 -> 1 | H58: 유 동 성 장 기 부 채 | N58: 유 동 성 장 기 부 채 | P58: =H58=N58 -> 1 | Q58: =C58=J58 -> 1
A59: Ⅱ. 비 유 동 부 채 | C59: =J59 -> 0 | E59: =L59 -> 0 | G59: =H59=A59 -> 1 | H59: Ⅱ. 비 유 동 부 채 | J59: =J60 -> 0 | L59: =L60 -> 0 | N59: Ⅱ. 비 유 동 부 채 | P59: =H59=N59 -> 1 | Q59: =C59=J59 -> 1
A60: 장 기 차 입 금 | C60: =J60 -> 0 | E60: =L60 -> 0 | G60: =H60=A60 -> 1 | H60: 장 기 차 입 금 | L60: 0 | N60: 장 기 차 입 금 | P60: =H60=N60 -> 1 | Q60: =C60=J60 -> 1
A61: 부 채 총 계 | C61: =J61 -> 24430685564 | E61: =L61 -> 24091033220 | G61: =H61=A61 -> 1 | H61: 부 채 총 계 | J61: =J48+J59 -> 24430685564 | L61: =L48+L59 -> 24091033220 | N61: 부 채 총 계 | P61: =H61=N61 -> 1 | Q61: =C61=J61 -> 1
A62: 자 본 | C62: =J62 -> 0 | E62: =L62 -> 0 | G62: =H62=A62 -> 1 | H62: 자 본 | N62: 자 본 | P62: =H62=N62 -> 1 | Q62: =C62=J62 -> 1
A63: Ⅰ. 자 본 금 | C63: =J63 -> 17858500000 | E63: =L63 -> 17858500000 | G63: =H63=A63 -> 1 | H63: Ⅰ. 자 본 금 | J63: =J64 -> 17858500000 | L63: =L64 -> 17858500000 | N63: Ⅰ. 자 본 금 | P63: =H63=N63 -> 1 | Q63: =C63=J63 -> 1
A64: 자 본 금 | C64: =J64 -> 17858500000 | E64: =L64 -> 17858500000 | G64: =H64=A64 -> 1 | H64: 자 본 금 | J64: 17858500000 | L64: 17858500000 | N64: 자 본 금 | P64: =H64=N64 -> 1 | Q64: =C64=J64 -> 1
A65: Ⅱ. 자 본 잉 여 금 | C65: =J65 -> 3974505593 | E65: =L65 -> 3974505593 | G65: =H65=A65 -> 1 | H65: Ⅱ. 자 본 잉 여 금 | J65: =J66 -> 3974505593 | L65: =L66 -> 3974505593 | N65: Ⅱ. 자 본 잉 여 금 | P65: =H65=N65 -> 1 | Q65: =C65=J65 -> 1
A66: 기 타 자 본 잉 여 금 | C66: =J66 -> 3974505593 | E66: =L66 -> 3974505593 | G66: =H66=A66 -> 1 | H66: 기 타 자 본 잉 여 금 | J66: 3974505593 | L66: 3974505593 | N66: 기 타 자 본 잉 여 금 | P66: =H66=N66 -> 1 | Q66: =C66=J66 -> 1
A67: Ⅲ. 자 본 조 정 | C67: =J67 -> -94148240 | E67: =L67 -> -94148240 | G67: =H67=A67 -> 1 | H67: Ⅲ. 자 본 조 정 | J67: =J68 -> -94148240 | L67: =L68 -> -94148240 | N67: Ⅲ. 자 본 조 정 | P67: =H67=N67 -> 1 | Q67: =C67=J67 -> 1
A68: 기 타 자 본 잉 여 금 | C68: =J68 -> -94148240 | E68: =L68 -> -94148240 | G68: =H68=A68 -> 0 | H68: 주 식 할 인 발 행 차 금 | J68: -94148240 | L68: -94148240 | N68: 주 식 할 인 발 행 차 금 | P68: =H68=N68 -> 1 | Q68: =C68=J68 -> 1
A69: Ⅳ. 기 타 포 괄 손 익누계액 | C69: =J69 -> 89642512 | E69: =L69 -> 89642512 | G69: =H69=A69 -> 1 | H69: Ⅳ. 기 타 포 괄 손 익누계액 | J69: =J70 -> 89642512 | L69: =L70 -> 89642512 | N69: Ⅳ. 기 타 포 괄 손 익누계액 | P69: =H69=N69 -> 1 | Q69: =C69=J69 -> 1
A70: 지분법 자본변동 | C70: =J70 -> 89642512 | E70: =L70 -> 89642512 | G70: =H70=A70 -> 1 | H70: 지분법 자본변동 | J70: 89642512 | L70: 89642512 | N70: 지분법 자본변동 | P70: =H70=N70 -> 1 | Q70: =C70=J70 -> 1
A71: Ⅴ.이익잉여금 | C71: =J71 -> 21762365370 | E71: =L71 -> 21203016486 | G71: =H71=A71 -> 1 | H71: Ⅴ.이익잉여금 | J71: =J72 -> 21762365370 | L71: =L72 -> 21203016486 | N71: Ⅴ.이익잉여금 | P71: =H71=N71 -> 1 | Q71: =C71=J71 -> 1
A72: 미처리결손금 | C72: =J72 -> 21762365370 | E72: =L72 -> 21203016486 | G72: =H72=A72 -> 1 | H72: 미처리결손금 | J72: =L72+559348884 -> 21762365370 | L72: 21203016486 | N72: 미처리결손금 | P72: =H72=N72 -> 1 | Q72: =C72=J72 -> 1
A73: ( 당 기 순 손 실 ) | C73: =J73 -> 0 | E73: =L73 -> 0 | G73: =H73=A73 -> 1 | H73: ( 당 기 순 손 실 ) | N73: ( 당 기 순 손 실 ) | P73: =H73=N73 -> 1 | Q73: =C73=J73 -> 1
A74: =H74 -> 559348884 | C74: =J74 -> 0 | E74: =L74 -> 0 | G74: =H74=A74 -> 1 | H74: =-(+L71-J71) -> 559348884 | P74: =H74=N74 -> 0 | Q74: =C74=J74 -> 1
A75: =H75 -> 14248907648 | C75: =J75 -> 0 | E75: =L75 -> 0 | G75: =H75=A75 -> 1 | H75: 14248907648 | P75: =H75=N75 -> 0 | Q75: =C75=J75 -> 1
A76: 자 본 총 계 | C76: =J76 -> 66134495 | E76: =L76 -> 625483379 | G76: =H76=A76 -> 1 | H76: 자 본 총 계 | J76: =J63+J65+J69+J67-J71 -> 66134495 | L76: =L63+L65+L69+L67-L71 -> 625483379 | N76: 자 본 총 계 | P76: =H76=N76 -> 1 | Q76: =C76=J76 -> 1
A77: 부 채 및 자 본 총 계 | C77: =J77 -> 24496820059 | E77: =L77 -> 24716516599 | G77: =H77=A77 -> 1 | H77: 부 채 및 자 본 총 계 | J77: =J76+J61 -> 24496820059 | L77: =L76+L61 -> 24716516599 | N77: 부 채 및 자 본 총 계 | P77: =H77=N77 -> 1 | Q77: =C77=J77 -> 1
J80: =+J77=J46 -> TRUE | L80: =+L77=L46 -> TRUE

Sheet 손익 현황_우리
B1: 1. 손익 현황
U3: (단위:백만원) | V3: (단위:백만원)
B4: 구분 | C4: (7월) 손익 실적 | K4: (8월) 손익 예상 | O4: 2026년 연간 누계실적 (~7월)
C5: 전년동기 실적 | E5: 사업계획 | G5: 당월실적 | I5: 전년동기 대비 | J5: 사업계획 대비 | K5: 전년동기 실적 | M5: 예상실적 | O5: 전년동기 실적 | Q5: 사업계획 | S5: 연간실적 | U5: 전년동기 대비 | V5: 사업계획 대비 | AC5: 달라지는 점
B6: 제품매출 | C6: =('PL_25 우리'!P34)/1000000 -> 174.06877 | D6: =IFERROR(C6/C$11,"-") -> 0.46607154 | F6: =IFERROR(E6/E$11,"-") -> - | G6: =('PL_26 우리'!P34)/1000000 -> 0 | H6: =IFERROR(G6/G$11,"-") -> 0 | I6: =IFERROR(IF(AND((G6+G7+G10)<0,(C6+C7+C10)<0),-((G6+G7+G10)-(C6+C7+C10))/(C6+C7+C10),IF(AND((G6+G7+G10)<0,C6>0),((G6+G7+G10)-(C6+C7+C10))/(C6+C7+C10),IF(AND((G6+G7+G10)>0,(C6+C7+C10)<0),-((G6+G7+G10)-(C6+C7+C10))/(C6+C7+C10),IF(ISERROR((G6+G7+G10)/(C6+C7+C10)),"-",((G6+G7+G10)-(C6+C7+C10))/(C6+C7+C10))))),"-") -> -0.64201865 | J6: =IFERROR(IF(AND((G6+G7)<0,E6<0),-((G6+G7)-E6)/E6,IF(AND((G6+G7)<0,E6>0),((G6+G7)-E6)/E6,IF(AND((G6+G7)>0,E6<0),-((G6+G7)-E6)/E6,IF(ISERROR((G6+G7)/E6),"-",((G6+G7)-E6)/E6)))),"-") -> - | K6: ='PL_25 우리'!Q34/1000000 -> 287.02547 | L6: =IFERROR(K6/K$11,"-") -> 0.77879714 | M6: 0 | N6: =IFERROR(M6/M$11,"-") -> 0 | O6: =('PL_25 우리'!R34)/1000000 -> 994.22838 | P6: =IFERROR(O6/O$11,"-") -> 0.3566946 | R6: =IFERROR(Q6/Q$11,"-") -> - | S6: =('PL_26 우리'!Q34)/1000000 -> 0 | T6: =IFERROR(S6/S$11,"-") -> 0 | U6: =IFERROR(IF(AND((S6+S7+S10)<0,(O6+O7+O10)<0),-((S6+S7+S10)-(O6+O7+O10))/(O6+O7+O10),IF(AND((S6+S7+S10)<0,O6>0),((S6+S7+S10)-(O6+O7+O10))/(O6+O7+O10),IF(AND((S6+S7+S10)>0,(O6+O7+O10)<0),-((S6+S7+S10)-(O6+O7+O10))/(O6+O7+O10),IF(ISERROR((S6+S7+S10)/(O6+O7+O10)),"-",((S6+S7+S10)-(O6+O7+O10))/(O6+O7+O10))))),"-") -> -0.20739081 | V6: =IFERROR(IF(AND((S6+S7)<0,Q6<0),-((S6+S7)-Q6)/Q6,IF(AND((S6+S7)<0,Q6>0),((S6+S7)-Q6)/Q6,IF(AND((S6+S7)>0,Q6<0),-((S6+S7)-Q6)/Q6,IF(ISERROR((S6+S7)/Q6),"-",((S6+S7)-Q6)/Q6)))),"-") -> - | Y6: =(G6+G7)/(C6+C7)-1 -> -0.64201865 | Z6: =(S6+S7)/(O6+O7)-1 -> -0.20739081 | AC6: 쌤앤파커스
B7: 상품매출 | C7: =('PL_25 우리'!P33)/1000000 -> 199.41203 | D7: =IFERROR(C7/C$11,"-") -> 0.53392846 | G7: =+'PL_26 우리'!P33/1000000 -> 133.69916 | H7: =IFERROR(G7/G$11,"-") -> 1 | K7: ='PL_25 우리'!Q33/1000000 -> 81.524251 | L7: =IFERROR(K7/K$11,"-") -> 0.22120286 | M7: =146 -> 146 | N7: =IFERROR(M7/M$11,"-") -> 1 | O7: =('PL_25 우리'!R33)/1000000 -> 1793.1095 | P7: =IFERROR(O7/O$11,"-") -> 0.6433054 | S7: =('PL_26 우리'!Q33)/1000000 -> 2209.2696 | T7: =IFERROR(S7/S$11,"-") -> 1
B8: 수출매출 | AC8: 2016년 | AD8: 2017년 | AE8: 달라지는 점
B9: (EM/EL 수출실적)
B10: 기타매출 | C10: ='PL_25 우리'!P36/1000000 -> 0 | D10: =IFERROR(C10/C$11,"-") -> 0 | F10: =IFERROR(E10/E$11,"-") -> - | G10: =('PL_26 우리'!P36)/1000000 -> 0 | H10: =IFERROR(G10/G$11,"-") -> 0 | J10: =IFERROR(IF(AND(G10<0,E10<0),-(G10-E10)/E10,IF(AND(G10<0,E10>0),(G10-E10)/E10,IF(AND(G10>0,E10<0),-(G10-E10)/E10,IF(ISERROR(G10/E10),"-",(G10-E10)/E10)))),"-") -> - | K10: ='PL_25 우리'!Q36/1000000 -> 0 | L10: =IFERROR(K10/K$11,"-") -> 0 | N10: =IFERROR(M10/M$11,"-") -> 0 | O10: ='PL_25 우리'!R36/1000000 -> 0 | P10: =IFERROR(O10/O$11,"-") -> 0 | R10: =IFERROR(Q10/Q$11,"-") -> - | S10: =('PL_26 우리'!Q36)/1000000 -> 0 | T10: =IFERROR(S10/S$11,"-") -> 0 | V10: =IFERROR(IF(AND(S10<0,Q10<0),-(S10-Q10)/Q10,IF(AND(S10<0,Q10>0),(S10-Q10)/Q10,IF(AND(S10>0,Q10<0),-(S10-Q10)/Q10,IF(ISERROR(S10/Q10),"-",(S10-Q10)/Q10)))),"-") -> - | AD10: 인세 | AE10: 일반관리비에 있던 인세 매출원가에 포함
B11: 매출액 | C11: =SUM(C6:C10) -> 373.48081 | D11: =IFERROR(C11/C$11,"-") -> 1 | E11: =SUM(E6:E10)-E9 -> 0 | F11: =IFERROR(E11/E$11,"-") -> - | G11: =SUM(G6:G10)-G9 -> 133.69916 | H11: =IFERROR(G11/G$11,"-") -> 1 | I11: =IF(C11<0,(G11-C11)/ABS(C11),(G11-C11)/C11) -> -0.64201865 | J11: =IFERROR(IF(AND(G11<0,E11<0),-(G11-E11)/E11,IF(AND(G11<0,E11>0),(G11-E11)/E11,IF(AND(G11>0,E11<0),-(G11-E11)/E11,IF(ISERROR(G11/E11),"-",(G11-E11)/E11)))),"-") -> - | K11: =SUM(K6:K10)-K9 -> 368.54972 | L11: =IFERROR(K11/K$11,"-") -> 1 | M11: =SUM(M6:M10)-M9 -> 146 | N11: =IFERROR(M11/M$11,"-") -> 1 | O11: =SUM(O6:O10) -> 2787.3379 | P11: =IFERROR(O11/O$11,"-") -> 1 | Q11: =SUM(Q6:Q10)-Q9 -> 0 | R11: =IFERROR(Q11/Q$11,"-") -> - | S11: =SUM(S6:S10)-S9 -> 2209.2696 | T11: =IFERROR(S11/S$11,"-") -> 1 | U11: =IF(O11<0,(S11-O11)/ABS(O11),(S11-O11)/O11) -> -0.20739081 | V11: =IFERROR(IF(AND(S11<0,Q11<0),-(S11-Q11)/Q11,IF(AND(S11<0,Q11>0),(S11-Q11)/Q11,IF(AND(S11>0,Q11<0),-(S11-Q11)/Q11,IF(ISERROR(S11/Q11),"-",(S11-Q11)/Q11)))),"-") -> - | Y11: =(G11)/(C11)-1 -> -0.64201865 | Z11: =(S11)/(O11)-1 -> -0.20739081 | AC11: 재료비 | AD11: 재료비
B12: 원재료 | C12: =('PL_25 우리'!P42)/1000000 -> 169.49027 | D12: =IFERROR($C12/($C$8+$C$6),"-") -> 0.97369715 | F12: =IFERROR($E12/($E$8+$E$6),"-") -> - | G12: =('PL_26 우리'!P43)/1000000-G14 -> 0 | H12: =IFERROR($G12/($G$8+$G$6),"-") -> - | I12: =IFERROR(IF(AND(G12<0,C12<0),-(G12-C12)/C12,IF(AND(G12<0,C12>0),(G12-C12)/C12,IF(AND(G12>0,C12<0),-(G12-C12)/C12,IF(ISERROR(G12/C12),"-",(G12-C12)/C12)))),"-") -> -1 | J12: =IFERROR(IF(AND(G12<0,E12<0),-(G12-E12)/E12,IF(AND(G12<0,E12>0),(G12-E12)/E12,IF(AND(G12>0,E12<0),-(G12-E12)/E12,IF(ISERROR(G12/E12),"-",(G12-E12)/E12)))),"-") -> - | K12: =('PL_25 우리'!Q42)/1000000 -> 279.32456 | L12: =IFERROR($K12/($K$8+$K$6),"-") -> 0.97316994 | M12: =+(0*98.5%) -> 0 | N12: =IFERROR(M12/M$6,"-") -> - | O12: =('PL_25 우리'!R42)/1000000 -> 905.79068 | P12: =IFERROR($O12/($O$8+$O$6),"-") -> 0.91104891 | R12: =IFERROR($Q12/($Q$8+$Q$6),"-") -> - | S12: =(('PL_26 우리'!Q43)/1000000)-S14 -> 0 | T12: =IFERROR($S12/($S$8+$S$6),"-") -> - | U12: =IFERROR(IF(AND(S12<0,O12<0),-(S12-O12)/O12,IF(AND(S12<0,O12>0),(S12-O12)/O12,IF(AND(S12>0,O12<0),-(S12-O12)/O12,IF(ISERROR(S12/O12),"-",(S12-O12)/O12)))),"-") -> -1 | V12: =IFERROR(IF(AND(S12<0,Q12<0),-(S12-Q12)/Q12,IF(AND(S12<0,Q12>0),(S12-Q12)/Q12,IF(AND(S12>0,Q12<0),-(S12-Q12)/Q12,IF(ISERROR(S12/Q12),"-",(S12-Q12)/Q12)))),"-") -> - | Y12: 재료비 | Z12: 재료비 | AA12: 재료비 | AC12: 노무비 | AD12: 노무비
B13: 외주가공비 | C13: 0 | E13: 0 | F13: =IFERROR($C13/($C$8+$C$6),"-") -> 0 | G13: =('PL_26 우리'!P17)/1000000 -> 0 | H13: =IFERROR($C13/($C$8+$C$6),"-") -> 0 | I13: =IFERROR(IF(AND(G13<0,C13<0),-(G13-C13)/C13,IF(AND(G13<0,C13>0),(G13-C13)/C13,IF(AND(G13>0,C13<0),-(G13-C13)/C13,IF(ISERROR(G13/C13),"-",(G13-C13)/C13)))),"-") -> - | J13: =IFERROR(IF(AND(G13<0,E13<0),-(G13-E13)/E13,IF(AND(G13<0,E13>0),(G13-E13)/E13,IF(AND(G13>0,E13<0),-(G13-E13)/E13,IF(ISERROR(G13/E13),"-",(G13-E13)/E13)))),"-") -> - | K13: 0 | L13: =IFERROR($C13/($C$8+$C$6),"-") -> 0 | M13: 0 | N13: =IFERROR($M13/($M$8+$M$6),"-") -> - | O13: 0 | P13: =IFERROR($C13/($C$8+$C$6),"-") -> 0 | Q13: 0 | R13: =IFERROR($C13/($C$8+$C$6),"-") -> 0 | S13: ='PL_25 우리'!R17/1000000 -> 0 | T13: =IFERROR($C13/($C$8+$C$6),"-") -> 0 | U13: =IFERROR(IF(AND(S13<0,O13<0),-(S13-O13)/O13,IF(AND(S13<0,O13>0),(S13-O13)/O13,IF(AND(S13>0,O13<0),-(S13-O13)/O13,IF(ISERROR(S13/O13),"-",(S13-O13)/O13)))),"-") -> - | V13: =IFERROR(IF(AND(S13<0,Q13<0),-(S13-Q13)/Q13,IF(AND(S13<0,Q13>0),(S13-Q13)/Q13,IF(AND(S13>0,Q13<0),-(S13-Q13)/Q13,IF(ISERROR(S13/Q13),"-",(S13-Q13)/Q13)))),"-") -> -
B14: 기타경비 | C14: 0 | D14: =IFERROR($C14/($C$8+$C$6+$C$10),"-") -> 0 | E14: 0 | F14: =IFERROR($E14/($E$8+$E$6),"-") -> - | G14: =('PL_26 우리'!P12+'PL_26 우리'!P10+'PL_26 우리'!P6)/1000000 -> 0 | H14: =IFERROR($G14/($G$8+$G$6),"-") -> - | I14: =IFERROR(IF(AND(G14<0,C14<0),-(G14-C14)/C14,IF(AND(G14<0,C14>0),(G14-C14)/C14,IF(AND(G14>0,C14<0),-(G14-C14)/C14,IF(ISERROR(G14/C14),"-",(G14-C14)/C14)))),"-") -> - | J14: =IFERROR(IF(AND(G14<0,E14<0),-(G14-E14)/E14,IF(AND(G14<0,E14>0),(G14-E14)/E14,IF(AND(G14>0,E14<0),-(G14-E14)/E14,IF(ISERROR(G14/E14),"-",(G14-E14)/E14)))),"-") -> - | K14: 0 | L14: =IFERROR($K14/($K$8+$K$6),"-") -> 0 | N14: =IFERROR($M14/($M$8+$M$6),"-") -> - | O14: 0 | P14: =IFERROR($O14/($O$8+$O$6),"-") -> 0 | Q14: 0 | R14: =IFERROR($Q14/($Q$8+$Q$6),"-") -> - | S14: =('PL_26 우리'!Q6+'PL_26 우리'!Q12)/1000000 -> 0 | T14: =IFERROR($S14/($S$8+$S$6),"-") -> - | U14: =IFERROR(IF(AND(S14<0,O14<0),-(S14-O14)/O14,IF(AND(S14<0,O14>0),(S14-O14)/O14,IF(AND(S14>0,O14<0),-(S14-O14)/O14,IF(ISERROR(S14/O14),"-",(S14-O14)/O14)))),"-") -> - | V14: =IFERROR(IF(AND(S14<0,Q14<0),-(S14-Q14)/Q14,IF(AND(S14<0,Q14>0),(S14-Q14)/Q14,IF(AND(S14>0,Q14<0),-(S14-Q14)/Q14,IF(ISERROR(S14/Q14),"-",(S14-Q14)/Q14)))),"-") -> - | Y14: 외주가공비 | Z14: 무형자산상각비 | AA14: 외주가공비 | AD14: 기타경비
B15: 제품매출원가 | C15: =SUM(C12:C14) -> 169.49027 | D15: =IFERROR($C15/($C$8+$C$6+C10),"-") -> 0.97369715 | E15: =SUM(E12:E14) -> 0 | F15: =IFERROR($E15/($E$8+$E$6),"-") -> - | G15: =SUM(G12:G14) -> 0 | H15: =IFERROR($G15/($G$8+$G$6),"-") -> - | I15: =IFERROR(IF(AND((G15+G16)<0,(C15+C16)<0),-((G15+G16)-(C15+C16))/(C15+C16),IF(AND((G15+G16)<0,C15>0),((G15+G16)-(C15+C16))/(C15+C16),IF(AND((G15+G16)>0,(C15+C16)<0),-((G15+G16)-(C15+C16))/(C15+C16),IF(ISERROR((G15+G16)/(C15+C16)),"-",((G15+G16)-(C15+C16))/(C15+C16))))),"-") -> -0.72256416 | J15: =IFERROR(IF(AND((G15+G16)<0,E15<0),-((G15+G16)-E15)/E15,IF(AND((G15+G16)<0,E15>0),((G15+G16)-E15)/E15,IF(AND((G15+G16)>0,E15<0),-((G15+G16)-E15)/E15,IF(ISERROR((G15+G16)/E15),"-",((G15+G16)-E15)/E15)))),"-") -> - | K15: =SUM(K12:K14) -> 279.32456 | L15: =IFERROR($K15/($K$8+$K$6),"-") -> 0.97316994 | M15: =SUM(M12:M14) -> 0 | N15: =IFERROR($M15/($M$8+$M$6),"-") -> - | O15: =SUM(O12:O14) -> 905.79068 | P15: =IFERROR(($O15+$O16)/($O$7+$O$6+$O$10),"-") -> 0.97798637 | Q15: =SUM(Q12:Q14) -> 0 | R15: =IFERROR($C15/($C$8+$C$6),"-") -> 0.97369715 | S15: =SUM(S12:S14) -> 0 | T15: =IFERROR($S15/($S$8+$S$6),"-") -> - | U15: =IFERROR(IF(AND((S15+S16)<0,(O15+O16)<0),-((S15+S16)-(O15+O16))/(O15+O16),IF(AND((S15+S16)<0,O15>0),((S15+S16)-(O15+O16))/(O15+O16),IF(AND((S15+S16)>0,(O15+O16)<0),-((S15+S16)-(O15+O16))/(O15+O16),IF(ISERROR((S15+S16)/(O15+O16)),"-",((S15+S16)-(O15+O16))/(O15+O16))))),"-") -> -0.292916 | V15: =IFERROR(IF(AND((S15+S16)<0,Q15<0),-((S15+S16)-Q15)/Q15,IF(AND((S15+S16)<0,Q15>0),((S15+S16)-Q15)/Q15,IF(AND((S15+S16)>0,Q15<0),-((S15+S16)-Q15)/Q15,IF(ISERROR((S15+S16)/Q15),"-",((S15+S16)-Q15)/Q15)))),"-") -> - | Y15: =(G15+G16)/(C15+C16)-1 -> -0.72256416 | Z15: =(S15+S16)/(O15+O16)-1 -> -0.292916 | AC15: 2016년 | AD15: 2017년 | AE15: 달라지는 점
B16: 상품매출원가 | C16: =(+'PL_25 우리'!P38+'PL_25 우리'!P66+'PL_25 우리'!P65)/1000000 -> 191.20405 | D16: =IFERROR(C16/C$7,"-") -> 0.95883909 | G16: =('PL_26 우리'!P38+'PL_26 우리'!P67+'PL_26 우리'!P66)/1000000 -> 100.06953 | H16: =IFERROR(G16/G$7,"-") -> 0.74846791 | K16: =(+'PL_25 우리'!Q38+'PL_25 우리'!Q66+'PL_25 우리'!Q65)/1000000 -> 79.506097 | L16: =IFERROR($K16/($K$8+$K$7),"-") -> 0.97524474 | M16: 145 | N16: =IFERROR(M16/M$7,"-") -> 0.99315068 | O16: =(+'PL_25 우리'!R38)/1000000 -> 1820.1878 | S16: =(+'PL_26 우리'!Q38+'PL_26 우리'!Q67+'PL_26 우리'!Q66)/1000000 -> 1927.4957 | T16: =IFERROR(S16/S$7,"-") -> 0.87245836 | AC16: 재료비 | AD16: 인세 | AE16: 순서만 바꿈
B17: 매출원가 | C17: =SUM(C15:C16) -> 360.69432 | D17: =IFERROR(C17/C$11,"-") -> 0.96576401 | E17: =SUM(E15:E16) -> 0 | F17: =IFERROR(E17/E$11,"-") -> - | G17: =SUM(G15:G16) -> 100.06953 | H17: =IFERROR(G17/G$11,"-") -> 0.74846791 | I17: =IF(C17<0,(G17-C17)/ABS(C17),(G17-C17)/C17) -> -0.72256416 | J17: =IFERROR(IF(AND(G17<0,E17<0),-(G17-E17)/E17,IF(AND(G17<0,E17>0),(G17-E17)/E17,IF(AND(G17>0,E17<0),-(G17-E17)/E17,IF(ISERROR(G17/E17),"-",(G17-E17)/E17)))),"-") -> - | K17: =SUM(K15:K16) -> 358.83065 | L17: =IFERROR(K17/K$11,"-") -> 0.97362889 | M17: =SUM(M15:M16) -> 145 | N17: =IFERROR(M17/M$11,"-") -> 0.99315068 | O17: =SUM(O15:O16) -> 2725.9784 | P17: =IFERROR(O17/O$11,"-") -> 0.97798637 | Q17: =SUM(Q15:Q16) -> 0 | R17: =IFERROR(Q17/Q$11,"-") -> - | S17: =SUM(S15:S16) -> 1927.4957 | T17: =IFERROR(S17/S$11,"-") -> 0.87245836 | U17: =IF(O17<0,(S17-O17)/ABS(O17),(S17-O17)/O17) -> -0.292916 | V17: =IFERROR(IF(AND(S17<0,Q17<0),-(S17-Q17)/Q17,IF(AND(S17<0,Q17>0),(S17-Q17)/Q17,IF(AND(S17>0,Q17<0),-(S17-Q17)/Q17,IF(ISERROR(S17/Q17),"-",(S17-Q17)/Q17)))),"-") -> - | Y17: =(G17)/(C17)-1 -> -0.72256416 | Z17: =(S17)/(O17)-1 -> -0.292916
B18: 매출총이익 | C18: =C11-C17 -> 12.786486 | D18: =IFERROR(C18/C$11,"-") -> 0.034235992 | E18: =E11-E17 -> 0 | F18: =IFERROR(E18/E$11,"-") -> - | G18: =G11-G17 -> 33.62963 | H18: =IFERROR(G18/G$11,"-") -> 0.25153209 | I18: =IFERROR(IF(ROUND(C18,0)<0, (ROUND(G18,0)-ROUND(C18,0))/ABS(ROUND(C18,0)), (ROUND(G18,0)-ROUND(C18,0))/ROUND(C18,0)), "-") -> 1.6153846 | J18: =IFERROR(IF(AND(G18<0,E18<0),-(G18-E18)/E18,IF(AND(G18<0,E18>0),(G18-E18)/E18,IF(AND(G18>0,E18<0),-(G18-E18)/E18,IF(ISERROR(G18/E18),"-",(G18-E18)/E18)))),"-") -> - | K18: =K11-K17 -> 9.719066 | L18: =IFERROR(K18/K$11,"-") -> 0.026371112 | M18: =M11-M17 -> 1 | N18: =IFERROR(M18/M$11,"-") -> 0.0068493151 | O18: =O11-O17 -> 61.359436 | P18: =IFERROR(O18/O$11,"-") -> 0.022013634 | Q18: =Q11-Q17 -> 0 | R18: =IFERROR(Q18/Q$11,"-") -> - | S18: =S11-S17 -> 281.77388 | T18: =IFERROR(S18/S$11,"-") -> 0.12754164 | U18: =IFERROR(IF(ROUND(O18,0)<0, (ROUND(S18,0)-ROUND(O18,0))/ABS(ROUND(O18,0)), (ROUND(S18,0)-ROUND(O18,0))/ROUND(O18,0)), "-") -> 3.6229508 | V18: =IFERROR(IF(AND(S18<0,Q18<0),-(S18-Q18)/Q18,IF(AND(S18<0,Q18>0),(S18-Q18)/Q18,IF(AND(S18>0,Q18<0),-(S18-Q18)/Q18,IF(ISERROR(S18/Q18),"-",(S18-Q18)/Q18)))),"-") -> - | Y18: =(G18)/(C18)-1 -> 1.6300916 | Z18: =(S18)/(O18)-1 -> 3.592185 | AC18: 노무비 | AD18: 재료비
B19: 직접 인건비 | C19: ='PL_25 우리'!P89/1000000-C20 -> 14.766823 | D19: =IFERROR(C19/C$11,"-") -> 0.039538372 | F19: =IFERROR(E19/E$11,"-") -> - | G19: ='PL_26 우리'!P91/1000000-G20 -> 5.872087 | H19: =IFERROR(G19/G$11,"-") -> 0.043920148 | I19: =IFERROR(IF(ROUND(C19,0)<0, (ROUND(G19,0)-ROUND(C19,0))/ABS(ROUND(C19,0)), (ROUND(G19,0)-ROUND(C19,0))/ROUND(C19,0)), "-") -> -0.6 | J19: =IFERROR(IF(AND(G19<0,E19<0),-(G19-E19)/E19,IF(AND(G19<0,E19>0),(G19-E19)/E19,IF(AND(G19>0,E19<0),-(G19-E19)/E19,IF(ISERROR(G19/E19),"-",(G19-E19)/E19)))),"-") -> - | K19: ='PL_25 우리'!Q89/1000000-K20 -> 12.243907 | L19: =IFERROR(K19/K$11,"-") -> 0.033221859 | M19: =18-M20 -> 6.3 | N19: =IFERROR(M19/M$11,"-") -> 0.043150685 | O19: ='PL_25 우리'!R89/1000000-O20 -> 92.34805 | P19: =IFERROR(O19/O$11,"-") -> 0.033131272 | R19: =IFERROR(Q19/Q$11,"-") -> - | S19: ='PL_26 우리'!Q91/1000000-S20 -> 50.563642 | T19: =IFERROR(S19/S$11,"-") -> 0.02288704 | U19: =IF(O19<0,(S19-O19)/ABS(O19),(S19-O19)/O19) -> -0.4524666 | V19: =IFERROR(IF(AND(S19<0,Q19<0),-(S19-Q19)/Q19,IF(AND(S19<0,Q19>0),(S19-Q19)/Q19,IF(AND(S19>0,Q19<0),-(S19-Q19)/Q19,IF(ISERROR(S19/Q19),"-",(S19-Q19)/Q19)))),"-") -> - | Y19: =(G19)/(C19)-1 -> -0.60234595 | Z19: =(S19)/(O19)-1 -> -0.4524666 | AC19: 상각비 | AD19: 노무비
B20: 간접 인건비 | C20: 11.7 | D20: =IFERROR(C20/C$11,"-") -> 0.031326911 | F20: =IFERROR(E20/E$11,"-") -> - | G20: =11.7 -> 11.7 | H20: =IFERROR(G20/G$11,"-") -> 0.087509897 | I20: =IFERROR(IF(ROUND(C20,0)<0, (ROUND(G20,0)-ROUND(C20,0))/ABS(ROUND(C20,0)), (ROUND(G20,0)-ROUND(C20,0))/ROUND(C20,0)), "-") -> 0 | J20: =IFERROR(IF(AND(G20<0,E20<0),-(G20-E20)/E20,IF(AND(G20<0,E20>0),(G20-E20)/E20,IF(AND(G20>0,E20<0),-(G20-E20)/E20,IF(ISERROR(G20/E20),"-",(G20-E20)/E20)))),"-") -> - | K20: 12 | L20: =IFERROR(K20/K$11,"-") -> 0.032560057 | M20: =11.7 -> 11.7 | N20: =IFERROR(M20/M$11,"-") -> 0.080136986 | O20: =11.7*7+2 -> 83.9 | P20: =IFERROR(O20/O$11,"-") -> 0.030100405 | R20: =IFERROR(Q20/Q$11,"-") -> - | S20: =(11.7*6)+G20+1 -> 82.9 | T20: =IFERROR(S20/S$11,"-") -> 0.037523714 | U20: =IF(O20<0,(S20-O20)/ABS(O20),(S20-O20)/O20) -> -0.011918951 | V20: =IFERROR(IF(AND(S20<0,Q20<0),-(S20-Q20)/Q20,IF(AND(S20<0,Q20>0),(S20-Q20)/Q20,IF(AND(S20>0,Q20<0),-(S20-Q20)/Q20,IF(ISERROR(S20/Q20),"-",(S20-Q20)/Q20)))),"-") -> - | Y20: =(G20)/(C20)-1 -> 0 | Z20: =(S20)/(O20)-1 -> -0.011918951 | AC20: 인세 | AD20: 무형자산상각비
B21: 관리비 | C21: =('PL_25 우리'!P91-'PL_25 우리'!P65-'PL_25 우리'!P66)/1000000 -> 6.572637 | D21: =IFERROR(C21/C$11,"-") -> 0.017598326 | F21: =IFERROR(E21/E$11,"-") -> - | G21: =('PL_26 우리'!P93-'PL_26 우리'!P67-'PL_26 우리'!P66)/1000000 -> 11.020745 | H21: =IFERROR(G21/G$11,"-") -> 0.082429424 | I21: =IFERROR(IF(ROUND(C21,0)<0, (ROUND(G21,0)-ROUND(C21,0))/ABS(ROUND(C21,0)), (ROUND(G21,0)-ROUND(C21,0))/ROUND(C21,0)), "-") -> 0.57142857 | J21: =IFERROR(IF(AND(G21<0,E21<0),-(G21-E21)/E21,IF(AND(G21<0,E21>0),(G21-E21)/E21,IF(AND(G21>0,E21<0),-(G21-E21)/E21,IF(ISERROR(G21/E21),"-",(G21-E21)/E21)))),"-") -> - | K21: =('PL_25 우리'!Q91-'PL_25 우리'!Q65-'PL_25 우리'!Q66)/1000000 -> 6.196322 | L21: =IFERROR(K21/K$11,"-") -> 0.016812717 | M21: 6 | N21: =IFERROR(M21/M$11,"-") -> 0.04109589 | O21: =('PL_25 우리'!R91)/1000000 -> 123.40447 | P21: =IFERROR(O21/O$11,"-") -> 0.044273238 | R21: =IFERROR(Q21/Q$11,"-") -> - | S21: =('PL_26 우리'!Q93-'PL_26 우리'!Q67-'PL_26 우리'!Q66)/1000000 -> 75.575191 | T21: =IFERROR(S21/S$11,"-") -> 0.034208225 | U21: =IF(O21<0,(S21-O21)/ABS(O21),(S21-O21)/O21) -> -0.38758143 | V21: =IFERROR(IF(AND(S21<0,Q21<0),-(S21-Q21)/Q21,IF(AND(S21<0,Q21>0),(S21-Q21)/Q21,IF(AND(S21>0,Q21<0),-(S21-Q21)/Q21,IF(ISERROR(S21/Q21),"-",(S21-Q21)/Q21)))),"-") -> - | Y21: =(G21)/(C21)-1 -> 0.67676155 | Z21: =(S21)/(O21)-1 -> -0.38758143 | AC21: 경비 | AD21: 기타경비
B22: 감가상각비 | C22: ='PL_25 우리'!P92/1000000 -> 0.30113 | D22: =IFERROR(C22/C$11,"-") -> 0.00080627972 | F22: =IFERROR(E22/E$11,"-") -> - | G22: ='PL_26 우리'!P94/1000000 -> 0.30113 | H22: =IFERROR(G22/G$11,"-") -> 0.0022522953 | I22: =IFERROR(IF(ROUND(C22,0)<0, (ROUND(G22,0)-ROUND(C22,0))/ABS(ROUND(C22,0)), (ROUND(G22,0)-ROUND(C22,0))/ROUND(C22,0)), "-") -> - | J22: =IFERROR(IF(AND(G22<0,E22<0),-(G22-E22)/E22,IF(AND(G22<0,E22>0),(G22-E22)/E22,IF(AND(G22>0,E22<0),-(G22-E22)/E22,IF(ISERROR(G22/E22),"-",(G22-E22)/E22)))),"-") -> - | K22: ='PL_25 우리'!Q92/1000000 -> 0.30113 | L22: =IFERROR(K22/K$11,"-") -> 0.0008170675 | M22: 0 | N22: =IFERROR(M22/M$11,"-") -> 0 | O22: ='PL_25 우리'!R92/1000000 -> 2.10791 | P22: =IFERROR(O22/O$11,"-") -> 0.00075624488 | R22: =IFERROR(Q22/Q$11,"-") -> - | S22: ='PL_26 우리'!Q94/1000000 -> 2.10791 | T22: =IFERROR(S22/S$11,"-") -> 0.00095412076 | U22: =IF(O22<0,(S22-O22)/ABS(O22),(S22-O22)/O22) -> 0 | V22: =IFERROR(IF(AND(S22<0,Q22<0),-(S22-Q22)/Q22,IF(AND(S22<0,Q22>0),(S22-Q22)/Q22,IF(AND(S22>0,Q22<0),-(S22-Q22)/Q22,IF(ISERROR(S22/Q22),"-",(S22-Q22)/Q22)))),"-") -> - | Y22: =(G22)/(C22)-1 -> 0 | Z22: =(S22)/(O22)-1 -> 0
B23: 판매 및 관리비 | C23: =SUM(C19:C22) -> 33.34059 | D23: =IFERROR(C23/C$11,"-") -> 0.089269889 | E23: =SUM(E19:E22) -> 0 | F23: =IFERROR(E23/E$11,"-") -> - | G23: =SUM(G19:G22) -> 28.893962 | H23: =IFERROR(G23/G$11,"-") -> 0.21611176 | I23: =IFERROR(IF(ROUND(C23,0)<0, (ROUND(G23,0)-ROUND(C23,0))/ABS(ROUND(C23,0)), (ROUND(G23,0)-ROUND(C23,0))/ROUND(C23,0)), "-") -> -0.12121212 | J23: =IFERROR(IF(AND(G23<0,E23<0),-(G23-E23)/E23,IF(AND(G23<0,E23>0),(G23-E23)/E23,IF(AND(G23>0,E23<0),-(G23-E23)/E23,IF(ISERROR(G23/E23),"-",(G23-E23)/E23)))),"-") -> - | K23: =SUM(K19:K22) -> 30.741359 | L23: =IFERROR(K23/K$11,"-") -> 0.083411701 | M23: =SUM(M19:M22) -> 24 | N23: =IFERROR(M23/M$11,"-") -> 0.16438356 | O23: =SUM(O19:O22) -> 301.76043 | P23: =IFERROR(O23/O$11,"-") -> 0.10826116 | Q23: =SUM(Q19:Q22) -> 0 | R23: =IFERROR(Q23/Q$11,"-") -> - | S23: =SUM(S19:S22) -> 211.14674 | T23: =IFERROR(S23/S$11,"-") -> 0.095573099 | U23: =IF(O23<0,(S23-O23)/ABS(O23),(S23-O23)/O23) -> -0.30028354 | V23: =IFERROR(IF(AND(S23<0,Q23<0),-(S23-Q23)/Q23,IF(AND(S23<0,Q23>0),(S23-Q23)/Q23,IF(AND(S23>0,Q23<0),-(S23-Q23)/Q23,IF(ISERROR(S23/Q23),"-",(S23-Q23)/Q23)))),"-") -> - | Y23: =(G23)/(C23)-1 -> -0.13336981 | Z23: =(S23)/(O23)-1 -> -0.30028354
B24: 영업이익 | C24: =C18-C23 -> -20.554104 | D24: =IFERROR(C24/C$11,"-") -> -0.055033896 | E24: =E18-E23 -> 0 | F24: =IFERROR(E24/E$11,"-") -> - | G24: =G18-G23 -> 4.735668 | H24: =IFERROR(G24/G$11,"-") -> 0.035420326 | I24: =IFERROR(IF(ROUND(C24,0)<0, (ROUND(G24,0)-ROUND(C24,0))/ABS(ROUND(C24,0)), (ROUND(G24,0)-ROUND(C24,0))/ROUND(C24,0)), "-") -> 1.2380952 | J24: =IFERROR(IF(AND(G24<0,E24<0),-(G24-E24)/E24,IF(AND(G24<0,E24>0),(G24-E24)/E24,IF(AND(G24>0,E24<0),-(G24-E24)/E24,IF(ISERROR(G24/E24),"-",(G24-E24)/E24)))),"-") -> - | K24: =K18-K23 -> -21.022293 | L24: =IFERROR(K24/K$11,"-") -> -0.057040589 | M24: =M18-M23 -> -23 | N24: =IFERROR(M24/M$11,"-") -> -0.15753425 | O24: =O18-O23 -> -240.401 | P24: =IFERROR(O24/O$11,"-") -> -0.086247527 | Q24: =Q18-Q23 -> 0 | R24: =IFERROR(Q24/Q$11,"-") -> - | S24: =S18-S23 -> 70.627136 | T24: =IFERROR(S24/S$11,"-") -> 0.031968546 | U24: =IF(O24<0,(S24-O24)/ABS(O24),(S24-O24)/O24) -> 1.2937889 | V24: =IFERROR(IF(AND(S24<0,Q24<0),-(S24-Q24)/Q24,IF(AND(S24<0,Q24>0),(S24-Q24)/Q24,IF(AND(S24>0,Q24<0),-(S24-Q24)/Q24,IF(ISERROR(S24/Q24),"-",(S24-Q24)/Q24)))),"-") -> - | Y24: =(G24-C24)/-G24 -> -5.3402755 | Z24: =(S24-O24)/-S24 -> -4.403805 | AC24: 우리인터텍스
B25: 영업외수익 | C25: ='PL_25 우리'!P70/1000000 -> 8.708974 | D25: =IFERROR(C25/C$11,"-") -> 0.023318398 | F25: =IFERROR(E25/E$11,"-") -> - | G25: =('PL_26 우리'!P71)/1000000 -> 14.097792 | H25: =IFERROR(G25/G$11,"-") -> 0.10544413 | I25: =IFERROR(IF(ROUND(C25,0)<0, (ROUND(G25,0)-ROUND(C25,0))/ABS(ROUND(C25,0)), (ROUND(G25,0)-ROUND(C25,0))/ROUND(C25,0)), "-") -> 0.55555556 | J25: =IFERROR(IF(AND(G25<0,E25<0),-(G25-E25)/E25,IF(AND(G25<0,E25>0),(G25-E25)/E25,IF(AND(G25>0,E25<0),-(G25-E25)/E25,IF(ISERROR(G25/E25),"-",(G25-E25)/E25)))),"-") -> - | K25: ='PL_25 우리'!Q70/1000000 -> 22.569653 | L25: =IFERROR(K25/K$11,"-") -> 0.061239099 | M25: 10 | N25: =IFERROR(M25/M$11,"-") -> 0.068493151 | O25: ='PL_25 우리'!R70/1000000 -> 165.49964 | P25: =IFERROR(O25/O$11,"-") -> 0.059375521 | R25: =IFERROR(Q25/Q$11,"-") -> - | S25: ='PL_26 우리'!Q71/1000000 -> 124.46114 | T25: =IFERROR(S25/S$11,"-") -> 0.056335876 | U25: =IF(O25<0,(S25-O25)/ABS(O25),(S25-O25)/O25) -> -0.24796731 | V25: =IFERROR(IF(AND(S25<0,Q25<0),-(S25-Q25)/Q25,IF(AND(S25<0,Q25>0),(S25-Q25)/Q25,IF(AND(S25>0,Q25<0),-(S25-Q25)/Q25,IF(ISERROR(S25/Q25),"-",(S25-Q25)/Q25)))),"-") -> - | Y25: =(G25)/(C25)-1 -> 0.61876611 | Z25: =(S25)/(O25)-1 -> -0.24796731 | AC25: 2016년 | AD25: 2017년 | AE25: 달라지는 점
B26: 영업외비용 | C26: ='PL_25 우리'!P76/1000000 -> 191.30615 | D26: =IFERROR(C26/C$11,"-") -> 0.51222486 | F26: =IFERROR(E26/E$11,"-") -> - | G26: =('PL_26 우리'!P77)/1000000 -> 100.64484 | H26: =IFERROR(G26/G$11,"-") -> 0.75277091 | I26: =IFERROR(IF(ROUND(C26,0)<0, (ROUND(G26,0)-ROUND(C26,0))/ABS(ROUND(C26,0)), (ROUND(G26,0)-ROUND(C26,0))/ROUND(C26,0)), "-") -> -0.47120419 | J26: =IFERROR(IF(AND(G26<0,E26<0),-(G26-E26)/E26,IF(AND(G26<0,E26>0),(G26-E26)/E26,IF(AND(G26>0,E26<0),-(G26-E26)/E26,IF(ISERROR(G26/E26),"-",(G26-E26)/E26)))),"-") -> - | K26: ='PL_25 우리'!Q76/1000000 -> 197.92329 | L26: =IFERROR(K26/K$11,"-") -> 0.5370328 | M26: 97 | N26: =IFERROR(M26/M$11,"-") -> 0.66438356 | O26: ='PL_25 우리'!R76/1000000 -> 1327.8136 | P26: =IFERROR(O26/O$11,"-") -> 0.47637339 | R26: =IFERROR(Q26/Q$11,"-") -> - | S26: ='PL_26 우리'!Q77/1000000 -> 754.43716 | T26: =IFERROR(S26/S$11,"-") -> 0.34148714 | U26: =IF(O26<0,(S26-O26)/ABS(O26),(S26-O26)/O26) -> -0.43181998 | V26: =IFERROR(IF(AND(S26<0,Q26<0),-(S26-Q26)/Q26,IF(AND(S26<0,Q26>0),(S26-Q26)/Q26,IF(AND(S26>0,Q26<0),-(S26-Q26)/Q26,IF(ISERROR(S26/Q26),"-",(S26-Q26)/Q26)))),"-") -> - | Y26: =(G26)/(C26)-1 -> -0.47390693 | Z26: =(S26)/(O26)-1 -> -0.43181998 | AC26: 재료비 | AD26: 재료비 | AE26: 재료비와 부재료비를 재료비 항목으로 통합
B27: 경상이익 | C27: =C24+C25-C26 -> -203.15128 | D27: =IFERROR(C27/C$11,"-") -> -0.54394036 | E27: =E24+E25-E26 -> 0 | F27: =IFERROR(E27/E$11,"-") -> - | G27: =G24+G25-G26 -> -81.811381 | H27: =IFERROR(G27/G$11,"-") -> -0.61190646 | I27: =IFERROR(IF(ROUND(C27,0)<0, (ROUND(G27,0)-ROUND(C27,0))/ABS(ROUND(C27,0)), (ROUND(G27,0)-ROUND(C27,0))/ROUND(C27,0)), "-") -> 0.59605911 | J27: =IFERROR(IF(AND(G27<0,E27<0),-(G27-E27)/E27,IF(AND(G27<0,E27>0),(G27-E27)/E27,IF(AND(G27>0,E27<0),-(G27-E27)/E27,IF(ISERROR(G27/E27),"-",(G27-E27)/E27)))),"-") -> - | K27: =K24+K25-K26 -> -196.37593 | L27: =IFERROR(K27/K$11,"-") -> -0.53283428 | M27: =M24+M25-M26 -> -110 | N27: =IFERROR(M27/M$11,"-") -> -0.75342466 | O27: =O24+O25-O26+0.2 -> -1402.515 | P27: =IFERROR(O27/O$11,"-") -> -0.50317364 | Q27: =Q24+Q25-Q26 -> 0 | R27: =IFERROR(Q27/Q$11,"-") -> - | S27: =S24+S25-S26 -> -559.34888 | T27: =IFERROR(S27/S$11,"-") -> -0.25318272 | U27: =IF(O27<0,(S27-O27)/ABS(O27),(S27-O27)/O27) -> 0.60118152 | V27: =IFERROR(IF(AND(S27<0,Q27<0),-(S27-Q27)/Q27,IF(AND(S27<0,Q27>0),(S27-Q27)/Q27,IF(AND(S27>0,Q27<0),-(S27-Q27)/Q27,IF(ISERROR(S27/Q27),"-",(S27-Q27)/Q27)))),"-") -> - | Y27: =(G27-C27)/-G27 -> 1.4831665 | Z27: =(S27-O27)/-S27 -> 1.5074064 | AC27: 부재료비
AC28: 노무비 | AD28: 외주가공비 | AE28: 금액이 크지 않다면 노무비를 기타경비에 포함하고,
B29: 당월 주요사항 | L29: 차월 주요사항 | AC29: 경비 | AD29: 기타경비 | AE29: 경비를 외주가공비와 기타경비로 구분
B30: 1. 매출액 | L30: 1. 매출액
B31: 1) 상품매출 134백만원 | L31: 1) 상품매출 146백만원
B33: 2. 영업외비용 | L33: 2. 영업외비용
B34: 1) 푸른저축은행 마이너스통장 15억(8.3%) | L34: 1) 푸른저축은행 마이너스통장(대출), 이자율 8.3%('26.04.11~'27.04.10)
L35: - '26.04.11 대출연장 미사용 한도감소 24억→15억

Sheet 재무 및 현금흐름 현황
B1: 2. 재무 현황
V3: (단위:백만원)
B4: 구분 | D4: 2025년 | H4: 2026년 | P4: 주요 증감내역
D5: 전년말 실적 | H5: 7월 실적 -당월 | L5: 전기말 대비 증감
B6: 유동자산 | D6: =BS_우리인터텍스!E4/1000000 -> 1792.8609 | F6: =IFERROR(D6/D$8,"-") -> 0.072536958 | H6: =BS_우리인터텍스!C4/1000000 -> 2657.4463 | J6: =IFERROR(H6/H$8,"-") -> 0.10848128 | L6: =H6-D6 -> 864.58536 | N6: =(H6)/(D6)-1 -> 0.48223783
B7: 비유동자산 | D7: =BS_우리인터텍스!E24/1000000 -> 22923.656 | F7: =IFERROR(D7/D$8,"-") -> 0.92746304 | H7: =BS_우리인터텍스!C24/1000000 -> 21839.374 | J7: =IFERROR(H7/H$8,"-") -> 0.89151872 | L7: =H7-D7 -> -1084.2819 | N7: =(H7)/(D7)-1 -> -0.047299694 | P7: 사무실 임차보증금 15억 회수 및 감가상각누계액
B8: 자산총계 | D8: =SUM(D6:E7) -> 24716.517 | F8: =IFERROR(D8/D$8,"-") -> 1 | H8: =SUM(H6:I7) -> 24496.82 | J8: =IFERROR(H8/H$8,"-") -> 1 | L8: =SUM(L6:M7) -> -219.69654 | N8: =(H8)/(D8)-1 -> -0.008888653
B9: 유동부채 | D9: =BS_우리인터텍스!E48/1000000 -> 24091.033 | F9: =IFERROR(D9/D$8,"-") -> 0.97469371 | H9: =BS_우리인터텍스!C48/1000000 -> 24430.686 | J9: =IFERROR(H9/H$8,"-") -> 0.99730028 | L9: =H9-D9 -> 339.65234 | N9: =(H9)/(D9)-1 -> 0.014098704
B10: 비유동부채 | D10: =BS_우리인터텍스!E59/1000000 -> 0 | F10: =IFERROR(D10/D$8,"-") -> 0 | H10: =(BS_우리인터텍스!C59)/1000000 -> 0 | J10: =IFERROR(H10/H$8,"-") -> 0 | L10: =H10-D10 -> 0 | N10: =IFERROR(L10/D10,"-") -> -
B11: (차입금) | D11: =(BS_우리인터텍스!E55+BS_우리인터텍스!E58+BS_우리인터텍스!E60)/1000000 -> 19894.576 | F11: =IFERROR(D11/D$8,"-") -> 0.8049102 | H11: =(BS_우리인터텍스!C55+BS_우리인터텍스!C60+BS_우리인터텍스!C58)/1000000 -> 20363.181 | J11: =IFERROR(H11/H$8,"-") -> 0.83125813 | L11: =H11-D11 -> 468.60444 | N11: =(H11)/(D11)-1 -> 0.023554382
B12: 부채총계 | D12: =SUM(D9:E10) -> 24091.033 | F12: =IFERROR(D12/D$8,"-") -> 0.97469371 | H12: =SUM(H9:I10) -> 24430.686 | J12: =IFERROR(H12/H$8,"-") -> 0.99730028 | L12: =SUM(L9:M10) -> 339.65234 | N12: =(H12)/(D12)-1 -> 0.014098704
B13: 자본금 | D13: =(BS_우리인터텍스!E63/1000000) -> 17858.5 | F13: =IFERROR(D13/D$8,"-") -> 0.72253304 | H13: =(BS_우리인터텍스!C63)/1000000 -> 17858.5 | J13: =IFERROR(H13/H$8,"-") -> 0.72901299 | L13: =H13-D13 -> 0 | N13: =(H13)/(D13)-1 -> 0
B14: 기타자본항목 | D14: =(BS_우리인터텍스!E66/1000000) -> 3974.5056 | F14: =IFERROR(D14/D$8,"-") -> 0.16080363 | H14: =(BS_우리인터텍스!C66)/1000000 -> 3974.5056 | J14: =IFERROR(H14/H$8,"-") -> 0.16224578 | L14: =H14-D14 -> 0 | N14: =(H14)/(D14)-1 -> 0
B15: 자본조정 | D15: =(BS_우리인터텍스!E67/1000000) -> -94.14824 | F15: =IFERROR(D15/D$8,"-") -> -0.0038091225 | H15: =(BS_우리인터텍스!C67)/1000000 -> -94.14824 | J15: =IFERROR(H15/H$8,"-") -> -0.0038432841 | L15: =H15-D15 -> 0 | N15: =(H15)/(D15)-1 -> 0 | P15: 주식할인발행차금
B16: 기타포괄손익누계액 | D16: =(BS_우리인터텍스!E69/1000000) -> 89.642512 | F16: =IFERROR(D16/D$8,"-") -> 0.0036268263 | H16: =(BS_우리인터텍스!C69)/1000000 -> 89.642512 | J16: =IFERROR(H16/H$8,"-") -> 0.003659353 | L16: =H16-D16 -> 0 | N16: =(H16)/(D16)-1 -> 0
B17: 이익잉여금(미처리결손금) | D17: =-BS_우리인터텍스!E71/1000000 -> -21203.016 | F17: =IFERROR(D17/D$8,"-") -> -0.85784809 | H17: =-BS_우리인터텍스!C71/1000000 -> -21762.365 | J17: =IFERROR(H17/H$8,"-") -> -0.88837512 | L17: =H17-D17 -> -559.34888 | N17: =IF(D17<0,(H17-D17)/ABS(D17),(H17-D17)/D17) -> -0.026380628 | P17: 결손금 증가
B18: 자본총계 | D18: =SUM(D13:D17) -> 625.48338 | F18: =IFERROR(D18/D$8,"-") -> 0.025306292 | H18: =SUM(H13:H17) -> 66.134495 | J18: =IFERROR(H18/H$8,"-") -> 0.0026997175 | L18: =SUM(L13:L17) -> -559.34888 | N18: =(H18-D18)/D18 -> -0.89426658 | P18: 자본 감소
B20: 부채비율 | D20: =(D12-D18)/-D12 -> -0.97403667 | H20: =(H12-H18)/-H12 -> -0.99729297 | L20: =H20-D20 -> -0.023256301
B21: 유동비율 | D21: =D6/D9 -> 0.074420258 | H21: =H6/H9 -> 0.10877494 | L21: =H21-D21 -> 0.034354678 | P21: 유동자산 / 유동부채
B22: 차입금의존도 | D22: =D11/D8 -> 0.8049102 | H22: =H11/H8 -> 0.83125813 | L22: =H22-D22 -> 0.026347927 | P22: 차입금 / 자산총계
B23: 자본잠식률 | D23: =-IFERROR(D18/D8,"-") -> -0.025306292 | H23: =-IFERROR(H18/H8,"-") -> -0.0026997175 | L23: =H23-D23 -> 0.022606574 | P23: △자본총계 / 자산총계
B25: 3. 현금흐름 현황
A26: 44846
V27: (단위:백만원)
B28: 구 분 | E28: 전월 현금흐름 현황 | G28: 당월 현금흐름 현황 | I28: 차월 현금흐름계획 | K28: 주요 내역
E29: 2026년 7월 | G29: 2026년 8월 | I29: 2026년 9월 | K29: 2026년 7월 | O29: 2026년 8월 | S29: 2026년 9월
B30: 기초잔액 | E30: 5 | G30: =E47 -> 566 | I30: =G47 -> 523.9
B31: 매출채권 회수(매출) | E31: 365 | G31: 396.7 | I31: 255
B32: 기타 운전자본증감
B33: 기타 영업활동 수입(영업외수익) | E33: 4 | G33: 1.8
B34: 영업활동 수입 | E34: =SUM(E31:F33) -> 369 | G34: =SUM(G31:H33) -> 398.5 | I34: =SUM(I31:J33) -> 255
B35: 매입채무 지급(매출원가) | G35: 403 | I35: 362
B36: 기타 영업활동 지출(판관비) | E36: 48 | G36: 24 | I36: 23 | K36: 원천세 및 부가세 납부
B37: 기타 영업활동 지출(영업외비용) | E37: 37 | G37: 13.6 | I37: 51 | K37: 이자지출 | O37: 이자지출 | S37: 이자지출
B38: 영업활동 지출 | E38: =SUM(E35:F37) -> 85 | G38: =SUM(G35:H37) -> 440.6 | I38: =SUM(I35:J37) -> 436
B39: 영업활동 현금흐름 | E39: =E34-E38 -> 284 | G39: =G34-G38 -> -42.1 | I39: =I34-I38 -> -181
B40: 투자활동 수입 | E40: 1200 | K40: 보증금 회수
B41: 투자활동 지출
B42: 투자활동 현금흐름 | E42: =E40-E41 -> 1200 | G42: =G40-G41 -> 0 | I42: =I40-I41 -> 0
B43: 재무활동 수입 | E43: 1457 | K43: 차입금
B44: 재무활동 지출 | E44: 2380 | K44: 차입금 상환
B45: 재무활동 현금흐름 | E45: =E43-E44 -> -923 | G45: =G43-G44 -> 0 | I45: =I43-I44 -> 0
B46: 현금과부족 | E46: =E39+E42+E45 -> 561 | G46: =G39+G42+G45 -> -42.1 | I46: =I39+I42+I45 -> -181
B47: 기말잔액(1) | E47: =E30+E39+E42+E45 -> 566 | G47: =G30+G39+G42+G45 -> 523.9 | I47: =I30+I39+I42+I45 -> 342.9
B48: 총 한도잔액 | E48: 1500 | G48: 1500 | I48: 1500
B49: 미사용한도잔액 | E49: =1500 -> 1500 | G49: =E49 -> 1500 | I49: =G49-I43+I44 -> 1500
B50: 기말잔액(2) | E50: =E47+E49 -> 2066 | G50: =G47+G49 -> 2023.9 | I50: =I47+I49 -> 1842.9

Sheet 인원 및 투자 현황
B1: 4. 인원 현황
V3: (단위:명)
B4: 부서 | D4: 2025년 현황 | G4: 2026년 현황 | Q4: 비고
D5: 전년말 현황 | G5: 사업계획 | J5: 7월 현황 - 당월 | M5: 전년말대비 | O5: 계획대비
B6: 대표 | D6: 1 | F6: =IFERROR(D6/D$15,"-") -> 0.25 | G6: 1 | I6: =IFERROR(G6/G$15,"-") -> 0.25 | J6: 1 | L6: =IFERROR(J6/J$15,"-") -> 0.33333333 | M6: =J6-D6 -> 0 | O6: =J6-G6 -> 0
B7: 임원 | D7: 1 | F7: =IFERROR(D7/D$15,"-") -> 0.25 | G7: 1 | I7: =IFERROR(G7/G$15,"-") -> 0.25 | J7: 1 | L7: =IFERROR(J7/J$15,"-") -> 0.33333333 | M7: =J7-D7 -> 0 | O7: =J7-G7 -> 0
B8: 기획관리팀 | D8: 1 | F8: =IFERROR(D8/D$15,"-") -> 0.25 | G8: 1 | I8: =IFERROR(G8/G$15,"-") -> 0.25 | J8: 1 | L8: =IFERROR(J8/J$15,"-") -> 0.33333333 | M8: =J8-D8 -> 0 | O8: =J8-G8 -> 0
B9: 영업/기획팀 | D9: 1 | F9: =IFERROR(D9/D$15,"-") -> 0.25 | G9: 1 | I9: =IFERROR(G9/G$15,"-") -> 0.25 | J9: 0 | L9: =IFERROR(J9/J$15,"-") -> 0 | M9: =J9-D9 -> -1 | O9: =J9-G9 -> -1
B10: 계약직 | D10: 0 | F10: =IFERROR(D10/D$15,"-") -> 0 | G10: 0 | I10: =IFERROR(G10/G$15,"-") -> 0 | J10: 0 | L10: =IFERROR(J10/J$15,"-") -> 0 | M10: =J10-D10 -> 0 | O10: =J10-G10 -> 0
B11: 파견직 | D11: 0 | F11: =IFERROR(D11/D$15,"-") -> 0 | G11: 0 | I11: =IFERROR(G11/G$15,"-") -> 0 | J11: 0 | L11: =IFERROR(J11/J$15,"-") -> 0 | M11: =J11-D11 -> 0 | O11: =J11-G11 -> 0
B15: 합계 | D15: =SUM(D6:E14) -> 4 | F15: =IFERROR(D15/D$15,"-") -> 1 | G15: =SUM(G6:H14) -> 4 | I15: =IFERROR(G15/G$15,"-") -> 1 | J15: =SUM(J6:K14) -> 3 | L15: =IFERROR(J15/J$15,"-") -> 1 | M15: =SUM(M6:N14) -> -1 | O15: =SUM(O6:P14) -> -1
B17: 5. 투자 현황
V19: (단위:백만원)
B20: 구 분 | C20: 2025년 현황 | F20: 2026년 | I20: =J5 -> 7월 현황 - 당월 | M20: 2026년 연간 누계실적 | Q20: 8월 예상 - 차월 | U20: 비고
C21: 전년말 현황 | F21: 사업계획 | I21: 계획 | K21: 실적 | M21: 계획 | O21: 실적 | Q21: 계획 | S21: 예상
B22: 투자자산 | C22: 0 | E22: =IFERROR(C22/$C$28,"-") -> - | F22: 0 | H22: =IFERROR(F22/$F$28,"-") -> - | K22: 0 | M22: 0 | O22: =(BS_우리인터텍스!C25/1000000)-BS_우리인터텍스!E25/1000000 -> 0 | Q22: 0 | S22: 0
A23: 44846 | B23: 유형자산 | C23: 0 | E23: =IFERROR(C23/$C$28,"-") -> - | F23: 0 | H23: =IFERROR(F23/$F$28,"-") -> - | I23: 0 | K23: 0 | M23: 0 | O23: =(BS_우리인터텍스!C29/1000000)-BS_우리인터텍스!E29/1000000 -> -2.10791 | Q23: 0 | S23: 0
B24: 무형자산 | C24: 0 | E24: =IFERROR(C24/$C$28,"-") -> - | F24: 0 | H24: =IFERROR(F24/$F$28,"-") -> - | I24: 0 | K24: 0 | M24: 0 | O24: =(BS_우리인터텍스!C38/1000000)-BS_우리인터텍스!E38/1000000 -> 0 | Q24: 0 | S24: 0
B25: 임차보증금 | C25: 0 | E25: =IFERROR(C25/$C$28,"-") -> - | F25: 0 | H25: =IFERROR(F25/$F$28,"-") -> - | I25: 0 | K25: 0 | M25: 0 | O25: =(BS_우리인터텍스!C42/1000000)-BS_우리인터텍스!E42/1000000 -> -1500 | Q25: 0 | S25: 0
B26: 기타보증금 | C26: 0 | E26: =IFERROR(C26/$C$28,"-") -> - | F26: 0 | H26: =IFERROR(F26/$F$28,"-") -> - | I26: 0 | K26: 0 | M26: 0 | O26: =(BS_우리인터텍스!C43/1000000)-BS_우리인터텍스!E43/1000000 -> 417.82601 | Q26: 0 | S26: 0
B28: 합계 | C28: =SUM(C22:D27) -> 0 | E28: =SUM(E22:E27) -> 0 | F28: =SUM(F22:G27) -> 0 | H28: =SUM(H22:H27) -> 0 | I28: =SUM(I22:J27) -> 0 | K28: =SUM(K22:L27) -> 0 | M28: =SUM(M22:N27) -> 0 | O28: =SUM(O22:P27) -> -1084.2819 | Q28: =SUM(Q22:R27) -> 0 | S28: =SUM(S22:T27) -> 0
B30: 주요투자내역 (당월) | O30: (차월)

Sheet PL_25 우리
A1: 과목 | B1: 합계 | C1: 2025년 1월 | D1: 2025년 2월 | E1: 2025년 3월 | F1: 2025년 4월 | G1: 2025년 5월 | H1: 2025년 6월 | I1: 2025년 7월 | J1: 2025년 8월 | K1: 2025년 9월 | L1: 2025년 10월 | M1: 2025년 11월 | N1: 2025년 12월 | P1: 당월 | Q1: 차월 | R1: 연간누계
A2: Ⅰ.원재료비 | B2: =B3+B4-B5 -> 0 | C2: =C3+C4-C5 -> 0 | D2: =D3+D4-D5 -> 0 | E2: =E3+E4-E5 -> 0 | F2: =F3+F4-F5 -> 0 | G2: =G3+G4-G5 -> 0 | H2: =H3+H4-H5 -> 0 | I2: =I3+I4-I5 -> 0 | ... N2: =N3+N4-N5 -> 0 | P2: =N2 -> 0 | Q2: =N2 -> 0 | R2: =SUM(C2:M2) -> 0 | S2: =R2=B2 -> 1 | T2: =R3+R4-R5 -> 0
A3: 기 초 원재료재고액 | B3: =SUM(C3) -> 0 | P3: =N3 -> 0 | Q3: =N3 -> 0 | R3: =C3 -> 0 | S3: =R3=B3 -> 1
A4: 당 기 원재료매입액 | B4: =SUM(C4:N4) -> 0 | P4: =N4 -> 0 | Q4: =N4 -> 0 | R4: =SUM(C4:M4) -> 0 | S4: =R4=B4 -> 1
A5: 기 말 원재료재고액 | B5: =N5 -> 0 | P5: =N5 -> 0 | Q5: =N5 -> 0 | R5: =M5 -> 0 | S5: =R5=B5 -> 1
A6: Ⅱ.부재료비 | B6: =B7+B8-B9 -> 0 | C6: =C7+C8-C9 -> 0 | D6: =D7+D8-D9 -> 0 | E6: =E7+E8-E9 -> 0 | F6: =F7+F8-F9 -> 0 | G6: =G7+G8-G9 -> 0 | H6: =H7+H8-H9 -> 0 | I6: =I7+I8-I9 -> 0 | ... N6: =N7+N8-N9 -> 0 | P6: =N6 -> 0 | Q6: =N6 -> 0 | R6: =SUM(C6:N6) -> 0 | S6: =R6=B6 -> 1
A7: 기 초 부재료재고액 | B7: =C7:C7 -> 0 | C7: 0 | D7: =C9 -> 0 | E7: =D9 -> 0 | F7: =E9 -> 0 | G7: =F9 -> 0 | H7: =G9 -> 0 | I7: =H9 -> 0 | J7: =I9 -> 0 | K7: =J9 -> 0 | ... N7: =M9 -> 0 | P7: =N7 -> 0 | Q7: =N7 -> 0 | R7: =SUM(C7) -> 0 | S7: =R7=B7 -> 1
A8: 당 기 부재료매입액 | B8: =SUM(C8:N8) -> 0 | P8: =N8 -> 0 | Q8: =N8 -> 0 | R8: =SUM(C8:E8) -> 0 | S8: =R8=B8 -> 1
A9: 기 말 부재료재고액 | B9: =N9 -> 0 | F9: 0 | P9: =N9 -> 0 | Q9: =N9 -> 0 | R9: =SUM(C9:N9) -> 0 | S9: =R9=B9 -> 1
A10: Ⅲ.노무비 | B10: =B11 -> 0 | C10: =C11 -> 0 | D10: =D11 -> 0 | E10: =E11 -> 0 | F10: =F11 -> 0 | G10: =G11 -> 0 | H10: =H11 -> 0 | I10: =I11 -> 0 | ... N10: =N11 -> 0 | P10: =N10 -> 0 | Q10: =N10 -> 0 | R10: =SUM(C10:N10) -> 0 | S10: =R10=B10 -> 1
A11: 잡 급 | B11: =SUM(C11:N11) -> 0 | P11: =N11 -> 0 | Q11: =N11 -> 0 | R11: =SUM(C11:N11) -> 0 | S11: =R11=B11 -> 1
A12: Ⅳ.경비 | B12: =SUM(B13:B19) -> 0 | C12: =SUM(C13:C19) -> 0 | D12: =SUM(D13:D19) -> 0 | E12: =SUM(E13:E19) -> 0 | F12: =SUM(F13:F19) -> 0 | G12: =SUM(G13:G19) -> 0 | H12: =SUM(H13:H19) -> 0 | I12: =SUM(I13:I19) -> 0 | ... N12: =SUM(N13:N19) -> 0 | P12: =N12 -> 0 | Q12: =N12 -> 0 | R12: =SUM(C12:I12) -> 0 | S12: =R12=B12 -> 1
A13: 복 리 후 생 비 | B13: =SUM(C13:N13) -> 0 | P13: =N13 -> 0 | Q13: =N13 -> 0 | R13: =SUM(C13:I13) -> 0 | S13: =R13=B13 -> 1
A14: 여 비 교 통 비 | B14: =SUM(C14:N14) -> 0 | P14: =N14 -> 0 | Q14: =N14 -> 0 | R14: =SUM(C14:I14) -> 0 | S14: =R14=B14 -> 1
A15: 운 반 비 | B15: =SUM(C15:N15) -> 0 | P15: =N15 -> 0 | Q15: =N15 -> 0 | R15: =SUM(C15:I15) -> 0 | S15: =R15=B15 -> 1
A16: 지 급 수 수 료 | B16: =SUM(C16:N16) -> 0 | P16: =N16 -> 0 | Q16: =N16 -> 0 | R16: =SUM(C16:I16) -> 0 | S16: =R16=B16 -> 1
A17: 외 주 가 공 비 | B17: =SUM(C17:N17) -> 0 | P17: =N17 -> 0 | Q17: =N17 -> 0 | R17: =SUM(C17:I17) -> 0 | S17: =R17=B17 -> 1
A18: 외 주 비 | B18: =SUM(C18:N18) -> 0 | P18: =N18 -> 0 | Q18: =N18 -> 0 | R18: =SUM(C18:I18) -> 0 | S18: =R18=B18 -> 1
A19: 개 발 및 그레이딩 | B19: =SUM(C19:N19) -> 0 | P19: =N19 -> 0 | Q19: =N19 -> 0 | R19: =SUM(C19:I19) -> 0 | S19: =R19=B19 -> 1
A20: Ⅴ.당기총제조비용 | B20: =SUM(C20:N20) -> 0 | C20: =C2+C6+C10+C12 -> 0 | D20: =D2+D6+D10+D12 -> 0 | E20: =E2+E6+E10+E12 -> 0 | F20: =F2+F6+F10+F12 -> 0 | G20: =G2+G6+G10+G12 -> 0 | H20: =H2+H6+H10+H12 -> 0 | I20: =I2+I6+I10+I12 -> 0 | J20: =J2+J6+J10+J12 -> 0 | ... N20: =N2+N6+N10+N12 -> 0 | P20: =N20 -> 0 | Q20: =N20 -> 0 | R20: =SUM(C20:M20) -> 0 | S20: =R20=B20 -> 1
A21: Ⅵ.기초재공품재고액 | P21: =N21 -> 0 | Q21: =N21 -> 0 | R21: =SUM(C21:M21) -> 0 | S21: =R21=B21 -> 1
A22: Ⅶ.타계정에서 대체액 | P22: =N22 -> 0 | Q22: =N22 -> 0 | R22: =SUM(C22:M22) -> 0 | S22: =R22=B22 -> 1
A23: Ⅷ.합계 | B23: =SUM(C23:N23) -> 0 | C23: =C20 -> 0 | D23: =D20 -> 0 | E23: =E20 -> 0 | F23: =F20 -> 0 | G23: =G20 -> 0 | H23: =H20 -> 0 | I23: =I20 -> 0 | J23: =J20 -> 0 | ... N23: =N20 -> 0 | P23: =N23 -> 0 | Q23: =N23 -> 0 | R23: =SUM(C23:M23) -> 0 | S23: =R23=B23 -> 1
A24: Ⅸ.기말재공품재고액 | P24: =N24 -> 0 | Q24: =N24 -> 0 | R24: =SUM(C24:M24) -> 0 | S24: =R24=B24 -> 1
A25: Ⅹ.타계정으로 대체액 | P25: =N25 -> 0 | Q25: =N25 -> 0 | R25: =SUM(C25:M25) -> 0 | S25: =R25=B25 -> 1
A26: ⅩⅠ.당기제품제조원가 | B26: =SUM(C26:N26) -> 0 | C26: =C23 -> 0 | D26: =D23 -> 0 | E26: =E23 -> 0 | F26: =F23 -> 0 | G26: =G23 -> 0 | H26: =H23 -> 0 | I26: =I23 -> 0 | J26: =J23 -> 0 | ... N26: =N23 -> 0 | P26: =N26 -> 0 | Q26: =N26 -> 0 | R26: =SUM(C26:M26) -> 0 | S26: =R26=B26 -> 1
A31: 과목 | B31: 합계 | C31: 2025년 1월 | D31: 2025년 2월 | E31: 2025년 3월 | F31: 2025년 4월 | G31: 2025년 5월 | H31: 2025년 6월 | I31: 2025년 7월 | J31: 2025년 8월 | K31: 2025년 9월 | L31: 2025년 10월 | M31: 2025년 11월 | N31: 2025년 12월 | P31: 당월 | Q31: 차월 | R31: 연간누계
A32: Ⅰ. 매 출 액 | B32: =SUM(C32:N32) -> 5604168480 | C32: =SUM(C33:C36) -> 271823173 | D32: =SUM(D33:D36) -> 176676557 | E32: =SUM(E33:E36) -> 369607483 | F32: =SUM(F33:F36) -> 765435436 | G32: =SUM(G33:G36) -> 580761228 | H32: =SUM(H33:H36) -> 249553187 | I32: =SUM(I33:I36) -> 373480806 | J32: =SUM(J33:J36) -> 368549721 | ... N32: =SUM(N33:N36) -> 199566031 | P32: =I32 -> 373480806 | Q32: =J32 -> 368549721 | R32: =SUM(C32:I32) -> 2787337870 | S32: =R32=B32 -> 0
A33: 상 품 매 출 | B33: =SUM(C33:N33) -> 4115236653 | C33: 131397458 | D33: 107548427 | E33: 258439384 | F33: 562537761 | G33: 350607241 | H33: 183167187 | I33: 199412032 | J33: 81524251 | K33: 241089133 | L33: 855549091 | M33: 944398657 | N33: 199566031 | P33: =I33 -> 199412032 | Q33: =J33 -> 81524251 | R33: =SUM(C33:I33) -> 1793109490 | S33: =R33=B33 -> 0
A34: 제 품 매 출 | B34: =SUM(C34:N34) -> 1488931827 | C34: 140425715 | D34: 69128130 | E34: 111168099 | F34: 202897675 | G34: 230153987 | H34: 66386000 | I34: 174068774 | J34: 287025470 | K34: -113268 | L34: 145198600 | M34: 62592645 | P34: =I34 -> 174068774 | Q34: =J34 -> 287025470 | R34: =SUM(C34:I34) -> 994228380 | S34: =R34=B34 -> 0
A35: 수 출 매 출 | B35: =SUM(C35:N35) -> 0 | P35: =I35 -> 0 | Q35: =J35 -> 0 | R35: =SUM(C35:I35) -> 0
A36: 기 타 매 출 | B36: =SUM(C36:N36) -> 0 | P36: =I36 -> 0 | Q36: =J36 -> 0 | R36: =SUM(C36:I36) -> 0 | S36: =R36=B36 -> 1
A37: Ⅱ. 매 출 원 가 | B37: =SUM(C37:N37) -> 6136760929 | C37: =C38+C42 -> 267318464 | D37: =D38+D42 -> 184678067 | E37: =E38+E42 -> 367096678 | F37: =F38+F42 -> 748535392 | G37: =G38+G42 -> 592105514 | H37: =H38+H42 -> 205624625 | I37: =I38+I42 -> 360619694 | J37: =J38+J42 -> 358818743 | ... N37: =N38+N42 -> 867905800 | P37: =I37 -> 360619694 | Q37: =J37 -> 358818743 | R37: =SUM(C37:I37) -> 2725978434 | S37: =R37=B37 -> 0
A38: 상 품 매 출 원 가 | B38: =B39+B40-B41 -> 4466891913 | C38: =C39+C40-C41 -> 131272864 | D38: =D39+D40-D41 -> 116119227 | E38: =E39+E40-E41 -> 258187003 | F38: =F39+F40-F41 -> 569104326 | G38: =G39+G40-G41 -> 373989737 | H38: =H39+H40-H41 -> 180385169 | I38: =I39+I40-I41 -> 191129425 | ... N38: =N39+N40-N41 -> 579246583 | P38: =I38 -> 191129425 | Q38: =J38 -> 79494185 | R38: =SUM(C38:I38) -> 1820187751 | S38: =R38=B38 -> 0
A39: 기 초 상 품 재고액 | B39: =C39 -> 3171210759 | C39: 3171210759 | D39: 3039937895 | E39: 3066219186 | F39: 2933927779 | G39: 2585142331 | H39: 2250381524 | I39: 2278643287 | J39: 2089352116 | K39: 2103492336 | L39: 2019686921 | M39: 1775735426 | N39: 1668874198 | P39: =I39 -> 2278643287 | Q39: =J39 -> 2089352116 | R39: =SUM(C39) -> 3171210759 | S39: =R39=B39 -> 1
A40: 당 기 상 품 매입액 | B40: =SUM(C40:N40) -> 2385308769 | D40: 142400518 | E40: 125895596 | F40: 220318878 | G40: 39228930 | H40: 208646932 | I40: 1838254 | J40: 93634405 | K40: 170207176 | L40: 595880015 | M40: 787258065 | P40: =I40 -> 1838254 | Q40: =J40 -> 93634405 | R40: =SUM(C40:I40) -> 738329108 | S40: =R40=B40 -> 0
A41: 기 말 상 품 재고액 | B41: =N41 -> 1089627615 | C41: 3039937895 | D41: 3066219186 | E41: 2933927779 | F41: 2585142331 | G41: 2250381524 | H41: 2278643287 | I41: 2089352116 | J41: 2103492336 | K41: 2019686921 | L41: 1775735426 | M41: 1668874198 | N41: 1089627615 | P41: =I41 -> 2089352116 | Q41: =J41 -> 2103492336 | R41: =SUM(I41) -> 2089352116 | S41: =R41=B41 -> 0
A42: 제 품 매 출 원 가 | B42: =B43+B44-B45 -> 1669869016 | C42: =C43+C44-C45 -> 136045600 | D42: =D43+D44-D45 -> 68558840 | E42: =E43+E44-E45 -> 108909675 | F42: =F43+F44-F45 -> 179431066 | G42: =G43+G44-G45 -> 218115777 | H42: =H43+H44-H45 -> 25239456 | I42: =I43+I44-I45 -> 169490269 | ... N42: =N43+N44-N45 -> 288659217 | P42: =I42 -> 169490269 | Q42: =J42 -> 279324558 | R42: =SUM(C42:I42) -> 905790683 | S42: =R42=B42 -> 0 | T42: =R42-B42 -> -764078333
A43: 기 초 제 품 재고액 | B43: =C43 -> 751469884 | C43: 751469884 | D43: 683058611 | E43: 721161038 | F43: 668933119 | G43: 737609226 | H43: 582562241 | I43: 926507774 | J43: 884682925 | K43: 574072606 | L43: 699294546 | M43: 580981450 | N43: 519493449 | P43: =I43 -> 926507774 | Q43: =J43 -> 884682925 | R43: =C43 -> 751469884 | S43: =R43=B43 -> 1
A44: 당 기 제품제조원가 | B44: =SUM(C44:N44) -> 1149233364 | C44: 67634327 | D44: 106661267 | E44: 56681756 | F44: 248107173 | G44: 63068792 | H44: 369184989 | I44: 127665420 | J44: -31285761 | K44: 125110459 | L44: 16524519 | M44: -119577 | P44: =I44 -> 127665420 | Q44: =J44 -> -31285761 | R44: =SUM(C44:I44) -> 1039003724 | S44: =R44=B44 -> 0
A45: 기 말 제 품 재고액 | B45: =N45 -> 230834232 | C45: 683058611 | D45: 721161038 | E45: 668933119 | F45: 737609226 | G45: 582562241 | H45: 926507774 | I45: 884682925 | J45: 574072606 | K45: 699294546 | L45: 580981450 | M45: 519493449 | N45: 230834232 | P45: =I45 -> 884682925 | Q45: =J45 -> 574072606 | R45: =SUM(I45) -> 884682925 | S45: =R45=B45 -> 0
A46: Ⅲ. 매 출 총 이 익 | B46: =SUM(C46:N46) -> -532592449 | C46: =C32-C37 -> 4504709 | D46: =D32-D37 -> -8001510 | E46: =E32-E37 -> 2510805 | F46: =F32-F37 -> 16900044 | G46: =G32-G37 -> -11344286 | H46: =H32-H37 -> 43928562 | I46: =I32-I37 -> 12861112 | J46: =J32-J37 -> 9730978 | ... N46: =N32-N37 -> -668339769 | P46: =I46 -> 12861112 | Q46: =J46 -> 9730978 | R46: =SUM(C46:I46) -> 61359436 | S46: =R46=B46 -> 0
A47: Ⅳ. 판 매 비 와 관 리 비 | B47: =SUM(C47:N47) -> 545815430 | C47: =SUM(C48:C68) -> 35255016 | D47: =SUM(D48:D68) -> 33609799 | E47: =SUM(E48:E68) -> 38035063 | F47: =SUM(F48:F68) -> 53155936 | G47: =SUM(G48:G68) -> 64880561 | H47: =SUM(H48:H68) -> 43408842 | I47: =SUM(I48:I68) -> 33415216 | J47: =SUM(J48:J68) -> 30753271 | ... N47: =SUM(N48:N68) -> 37746267 | P47: =I47 -> 33415216 | Q47: =J47 -> 30753271 | R47: =SUM(C47:I47) -> 301760433 | S47: =R47=B47 -> 0
A48: 직 원 급 여 | B48: =SUM(C48:N48) -> 278208530 | C48: 23083350 | D48: 23083350 | E48: 23188350 | F48: 23188350 | G48: 23188350 | H48: 23188350 | I48: 24013350 | J48: 23438350 | K48: 23438350 | L48: 23438350 | M48: 23438350 | N48: 21521680 | P48: =I48 -> 24013350 | Q48: =J48 -> 23438350 | R48: =SUM(C48:I48) -> 162933450 | S48: =R48=B48 -> 0
A49: 상 여 금 | B49: =SUM(C49:N49) -> 5600000 | C49: 1000000 | D49: 1000000 | I49: 1600000 | L49: 2000000 | P49: =I49 -> 1600000 | Q49: =J49 -> 0 | R49: =SUM(C49:I49) -> 3600000 | S49: =R49=B49 -> 0
A50: 잡 급 | B50: =SUM(C50:N50) -> 0 | P50: =I50 -> 0 | Q50: =J50 -> 0 | R50: =SUM(C50:I50) -> 0 | S50: =R50=B50 -> 1
A51: 퇴 직 급 여 | B51: =SUM(C51:N51) -> 18920175 | C51: 333333 | D51: 291667 | E51: 291667 | F51: 3791674 | G51: 3368063 | H51: 784723 | I51: 853473 | J51: 805557 | K51: 805557 | L51: 888889 | M51: 805557 | N51: 5900015 | P51: =I51 -> 853473 | Q51: =J51 -> 805557 | R51: =SUM(C51:I51) -> 9714600 | S51: =R51=B51 -> 0
A52: 복 리 후 생 비 | B52: =SUM(C52:N52) -> 5810483 | C52: 469339 | D52: 609987 | E52: 503069 | F52: 437314 | G52: 459914 | H52: 481321 | I52: 369722 | J52: 437236 | K52: 560280 | L52: 391161 | M52: 410405 | N52: 680735 | P52: =I52 -> 369722 | Q52: =J52 -> 437236 | R52: =SUM(C52:I52) -> 3330666 | S52: =R52=B52 -> 0
A53: 여 비 교 통 비 | B53: =SUM(C53:N53) -> 1591040 | C53: 47200 | D53: 178700 | E53: 93300 | F53: 132700 | G53: 91200 | H53: 98000 | I53: 134050 | J53: 190350 | K53: 146300 | L53: 71900 | M53: 135640 | N53: 271700 | P53: =I53 -> 134050 | Q53: =J53 -> 190350 | R53: =SUM(C53:I53) -> 775150 | S53: =R53=B53 -> 0
A54: 접 대 비 | B54: =SUM(C54:N54) -> 5350000 | C54: 2100000 | G54: 200000 | I54: 400000 | K54: 2100000 | L54: 400000 | M54: 150000 | P54: =I54 -> 400000 | Q54: =J54 -> 0 | R54: =SUM(C54:I54) -> 2700000 | S54: =R54=B54 -> 0
A55: 통 신 비 | B55: =SUM(C55:N55) -> 727646 | C55: 106759 | D55: 97734 | E55: 52968 | F55: 47594 | G55: 60852 | H55: 56321 | I55: 40606 | J55: 52994 | K55: 44526 | L55: 55716 | M55: 50825 | N55: 60751 | P55: =I55 -> 40606 | Q55: =J55 -> 52994 | R55: =SUM(C55:I55) -> 462834 | S55: =R55=B55 -> 0
A56: 전 력 비 | B56: =SUM(C56:N56) -> 2029889 | C56: 415475 | D56: 312562 | E56: 210657 | F56: 193521 | G56: 153377 | H56: 150005 | I56: 106859 | J56: 115366 | K56: 110718 | L56: 76318 | M56: 90852 | N56: 94179 | P56: =I56 -> 106859 | Q56: =J56 -> 115366 | R56: =SUM(C56:I56) -> 1542456 | S56: =R56=B56 -> 0
A57: 세 금 과 공 과 금 | B57: =SUM(C57:N57) -> 49691729 | C57: 1649770 | D57: 1609270 | E57: 1657510 | F57: 1900910 | G57: 31207749 | H57: 1709750 | I57: 1622540 | J57: 1685040 | K57: 1744640 | L57: 1634850 | M57: 1634850 | N57: 1634850 | P57: =I57 -> 1622540 | Q57: =J57 -> 1685040 | R57: =SUM(C57:I57) -> 41357499 | S57: =R57=B57 -> 0
A58: 감 가 상 각 비 | B58: =SUM(C58:N58) -> 3613561 | C58: 301130 | D58: 301130 | E58: 301130 | F58: 301130 | G58: 301130 | H58: 301130 | I58: 301130 | J58: 301130 | K58: 301130 | L58: 301130 | M58: 301130 | N58: 301131 | P58: =I58 -> 301130 | Q58: =J58 -> 301130 | R58: =SUM(C58:I58) -> 2107910 | S58: =R58=B58 -> 0
A59: 지 급 임 차 료 | B59: =SUM(C59:N59) -> 33600000 | C59: 2800000 | D59: 2800000 | E59: 2800000 | F59: 2800000 | G59: 2800000 | H59: 2800000 | I59: 2800000 | J59: 2800000 | K59: 2800000 | L59: 2800000 | M59: 2800000 | N59: 2800000 | P59: =I59 -> 2800000 | Q59: =J59 -> 2800000 | R59: =SUM(C59:I59) -> 19600000 | S59: =R59=B59 -> 0
A60: 보 험 료 | B60: =SUM(C60:N60) -> 3574985 | C60: 305540 | D60: 305540 | E60: 305540 | F60: 305536 | G60: 170908 | H60: 311703 | I60: 311703 | J60: 311703 | K60: 311703 | L60: 311703 | M60: 311703 | N60: 311703 | P60: =I60 -> 311703 | Q60: =J60 -> 311703 | R60: =SUM(C60:I60) -> 2016470 | S60: =R60=B60 -> 0
A61: 차 량 유 지 비 | B61: =SUM(C61:N61) -> 238310 | C61: 27273 | D61: 161468 | I61: 49569 | P61: =I61 -> 49569 | Q61: =J61 -> 0 | R61: =SUM(C61:I61) -> 238310 | S61: =R61=B61 -> 1
A62: 운 반 비 | B62: =SUM(C62:N62) -> 72762907 | C62: 5000 | D62: 5000 | E62: 17000 | F62: 15000 | G62: 44155 | I62: 55000 | K62: 42000 | L62: 27254440 | M62: 45112312 | N62: 213000 | P62: =I62 -> 55000 | Q62: =J62 -> 0 | R62: =SUM(C62:I62) -> 141155 | S62: =R62=B62 -> 0
A63: 소 모 품 비 | B63: =SUM(C63:N63) -> 517332 | C63: 63480 | D63: 33115 | F63: 73356 | G63: 135987 | H63: 50940 | J63: 28908 | K63: 8000 | L63: 123546 | P63: =I63 -> 0 | Q63: =J63 -> 28908 | R63: =SUM(C63:I63) -> 356878 | S63: =R63=B63 -> 0
A64: 지 급 수 수 료 | B64: =SUM(C64:N64) -> 51079528 | C64: 479127 | D64: 752036 | E64: 6545632 | F64: 17900611 | G64: 630636 | H64: 11408359 | I64: 682588 | J64: 574725 | K64: 1595588 | L64: 2217057 | M64: 4336646 | N64: 3956523 | P64: =I64 -> 682588 | Q64: =J64 -> 574725 | R64: =SUM(C64:I64) -> 38398989 | S64: =R64=B64 -> 0
A65: 광 고 선 전 비 | B65: =SUM(C65:N65) -> 12499315 | C65: 2068240 | D65: 2068240 | E65: 2068240 | F65: 2068240 | G65: 2068240 | H65: 2068240 | I65: 74626 | J65: 11912 | L65: 3337 | P65: =I65 -> 74626 | Q65: =J65 -> 11912 | R65: =SUM(C65:I65) -> 12484066 | S65: =R65=B65 -> 0
A66: 외 주 위 탁 비 | B66: =SUM(C66:N66) -> 0 | P66: =I66 -> 0 | Q66: =J66 -> 0 | R66: =SUM(C66:I66) -> 0 | S66: =R66=B66 -> 1
A67: 대 손 상 각 비 | B67: =SUM(C67:N67) -> 0 | P67: =I67 -> 0 | Q67: =J67 -> 0 | R67: =SUM(C67:I67) -> 0
A68: 외 주 용 역 비 | B68: =SUM(C68:N68) -> 0 | P68: =I68 -> 0 | Q68: =J68 -> 0 | R68: =SUM(C68:I68) -> 0 | S68: =R68=B68 -> 1
A69: Ⅴ. 영 업 이 익 | B69: =SUM(C69:N69) -> -1078407879 | C69: =C46-C47 -> -30750307 | D69: =D46-D47 -> -41611309 | E69: =E46-E47 -> -35524258 | F69: =F46-F47 -> -36255892 | G69: =G46-G47 -> -76224847 | H69: =H46-H47 -> 519720 | I69: =I46-I47 -> -20554104 | J69: =J46-J47 -> -21022293 | ... N69: =N46-N47 -> -706086036 | P69: =I69 -> -20554104 | Q69: =J69 -> -21022293 | R69: =SUM(C69:I69) -> -240400997 | S69: =R69=B69 -> 0
A70: Ⅵ. 영 업 외 수 익 | B70: =SUM(C70:N70) -> 265152476 | C70: =SUM(C71:C75) -> 10723 | D70: =SUM(D71:D75) -> 20247843 | E70: =SUM(E71:E75) -> 682352 | F70: =SUM(F71:F75) -> 1104516 | G70: =SUM(G71:G75) -> 34485994 | H70: =SUM(H71:H75) -> 100259237 | I70: =SUM(I71:I75) -> 8708974 | J70: =SUM(J71:J75) -> 22569653 | ... N70: =SUM(N71:N75) -> 3710165 | P70: =I70 -> 8708974 | Q70: =J70 -> 22569653 | R70: =SUM(C70:I70) -> 165499639 | S70: =R70=B70 -> 0
A71: 이 자 수 익 | B71: =SUM(C71:N71) -> 13054630 | E71: 243900 | F71: 1500 | G71: 1130 | H71: 63189 | I71: 2617 | J71: 12287671 | K71: 28724 | L71: 1445 | M71: 1053 | N71: 423401 | P71: =I71 -> 2617 | Q71: =J71 -> 12287671 | R71: =SUM(C71:I71) -> 312336 | S71: =R71=B71 -> 0
A72: 외 환 차 익 | B72: =SUM(C72:N72) -> 106072534 | E72: 437732 | F72: 1102297 | G72: 34473993 | H72: 38446967 | I72: 8700641 | J72: 10274842 | K72: 73241 | L72: 4865634 | M72: 4400804 | N72: 3296383 | P72: =I72 -> 8700641 | Q72: =J72 -> 10274842 | R72: =SUM(C72:I72) -> 83161630 | S72: =R72=B72 -> 0
A73: 전 기 오류수정이익 | B73: =SUM(C73:N73) -> 0 | P73: =I73 -> 0 | Q73: =J73 -> 0 | R73: =SUM(C73:I73) -> 0 | S73: =R73=B73 -> 1
A74: 지분법적용투자주식처분이익 | B74: =SUM(C74:N74) -> 0 | P74: =I74 -> 0 | Q74: =J74 -> 0 | R74: =SUM(C74:I74) -> 0 | S74: =R74=B74 -> 1
A75: 잡 이 익 | B75: =SUM(C75:N75) -> 146025312 | C75: 10723 | D75: 20247843 | E75: 720 | F75: 719 | G75: 10871 | H75: 61749081 | I75: 5716 | J75: 7140 | K75: 712 | L75: 705 | M75: 64000701 | N75: -9619 | P75: =I75 -> 5716 | Q75: =J75 -> 7140 | R75: =SUM(C75:I75) -> 82025673 | S75: =R75=B75 -> 0
A76: Ⅶ. 영 업 외 비 용 | B76: =SUM(C76:N76) -> 3821590950 | C76: =SUM(C77:C81) -> 169609298 | D76: =SUM(D77:D81) -> 158692486 | E76: =SUM(E77:E81) -> 236163241 | F76: =SUM(F77:F81) -> 166823259 | G76: =SUM(G77:G81) -> 181784671 | H76: =SUM(H77:H81) -> 223434488 | I76: =SUM(I77:I81) -> 191306154 | J76: =SUM(J77:J81) -> 197923287 | ... N76: =SUM(N77:N81) -> 1698936268 | P76: =I76 -> 191306154 | Q76: =J76 -> 197923287 | R76: =SUM(C76:I76) -> 1327813597 | S76: =R76=B76 -> 0
A77: 이 자 비 용 | B77: =SUM(C77:N77) -> 3758791332 | C77: 169609298 | D77: 157171255 | E77: 234996394 | F77: 164486215 | G77: 174809756 | H77: 215742161 | I77: 191306154 | J77: 197923287 | K77: 223800647 | L77: 189813523 | M77: 182258571 | N77: 1656874071 | P77: =I77 -> 191306154 | Q77: =J77 -> 197923287 | R77: =SUM(C77:I77) -> 1308121233 | S77: =R77=B77 -> 0
A78: 외 환 차 손 | B78: =SUM(C78:N78) -> 59434018 | D78: 1521231 | E78: 1166847 | F78: 2323346 | G78: 6974915 | H78: 7692327 | K78: 1045057 | N78: 38710295 | P78: =I78 -> 0 | Q78: =J78 -> 0 | R78: =SUM(C78:I78) -> 19678666 | S78: =R78=B78 -> 0
A79: 외 화 환 산 손 실 | B79: =SUM(C79:N79) -> 3365600 | N79: 3365600 | P79: =I79 -> 0 | Q79: =J79 -> 0 | R79: =SUM(C79:I79) -> 0 | S79: =R79=B79 -> 0
A80: 유 형 자산처분손실 | B80: =SUM(C80:N80) -> 0 | P80: =I80 -> 0 | Q80: =J80 -> 0 | R80: =SUM(C80:I80) -> 0 | S80: =R80=B80 -> 1
A81: 잡 손 실 | B81: =SUM(C81:N81) -> 0 | F81: 13698 | N81: -13698 | P81: =I81 -> 0 | Q81: =J81 -> 0 | R81: =SUM(C81:I81) -> 13698 | S81: =R81=B81 -> 0
A82: Ⅷ. 법 인 세 차 감 전 이 익 | B82: =SUM(C82:N82) -> -4634846353 | C82: =C69+C70-C76 -> -200348882 | D82: =D69+D70-D76 -> -180055952 | E82: =E69+E70-E76 -> -271005147 | F82: =F69+F70-F76 -> -201974635 | G82: =G69+G70-G76 -> -223523524 | H82: =H69+H70-H76 -> -122655531 | I82: =I69+I70-I76 -> -203151284 | J82: =J69+J70-J76 -> -196375927 | ... N82: =N69+N70-N76 -> -2401312139 | P82: =I82 -> -203151284 | Q82: =J82 -> -196375927 | R82: =SUM(C82:I82) -> -1402714955 | S82: =R82=B82 -> 0
A83: Ⅸ. 법 인 세 등 | B83: =SUM(C83:N83) -> 0 | P83: =I83 -> 0 | Q83: =J83 -> 0 | R83: =SUM(C83:I83) -> 0 | S83: =R83=B83 -> 1
A84: Ⅹ. 당 기 순 이 익 | B84: =SUM(C84:N84) -> -4634846353 | C84: =C82-C83 -> -200348882 | D84: =D82-D83 -> -180055952 | E84: =E82-E83 -> -271005147 | F84: =F82-F83 -> -201974635 | G84: =G82-G83 -> -223523524 | H84: =H82-H83 -> -122655531 | I84: =I82-I83 -> -203151284 | J84: =J82-J83 -> -196375927 | ... N84: =N82-N83 -> -2401312139 | P84: =I84 -> -203151284 | Q84: =J84 -> -196375927 | R84: =SUM(C84:I84) -> -1402714955 | S84: =R84=B84 -> 0
O89: 인건비 | P89: =SUM(P48:P51) -> 26466823 | Q89: =SUM(Q48:Q51) -> 24243907 | R89: =SUM(R48:R51) -> 176248050
O90: 간접인건비
O91: 관리비 | P91: =+P47-P89-P92 -> 6647263 | Q91: =+Q47-Q89-Q92 -> 6208234 | R91: =+R47-R89-R92 -> 123404473
O92: 감가상각비 | P92: =+P58 -> 301130 | Q92: =+Q58 -> 301130 | R92: =+R58 -> 2107910

Sheet 3.주요업무 현황
B1: 주요업무 현황
B4: ▣ 주요업무 추진 현황
B5: 구분 | C5: 6월 주요업무 추진실적 | M5: 7월 주요업무 추진계획
C6: 내용 | M6: 내용
B7: 우리인터텍스 | C7: ▣ 제품 판매 운영 | M7: ▣ 제품 판매 운영
C8: -. 면 티셔츠 개발 검토 | M8: -. 면 티셔츠 샘플 진행예정
C10: ▣ 한국/인도 브랜드 교류 | M10: ▣ 한국/인도 브랜드 교류
C11: -. 생산 관리 및 수입통관, 납품 진행중 | M11: -. 생산 관리 및 수입통관, 납품 지속
C12: -. 1분기 운영 실적, 가 결산 진행중 | M12: -. 1분기 운영 실적 검토(중간점검)
M13: -. 2분기 운영 제품기획 협의 및 목표 수립 예정
C14: ▣ SECO창립티셔츠 제작
C15: -. 완제품 수입 통관 및 물류 입고 | M15: ▣ 도.도매(특정) 운영
C16: -. 품질 검사 및 주문처별 납품 완료 | M16: -. '제임스딘' 과 '돈앤돈스'의 카니발 현상 검토
M17: (남성용 32수 트렁크세트)
C18: ▣ 도.도매(특정) 운영
C19: -. 도.도매(특정) 운영 남성용 32수 트렁크세트, 초도분 납품 완료

Sheet PL_26 계획
A2: 과목 | B2: 합계 | C2: 2026년 1월 | D2: 2026년 2월 | E2: 2026년 3월 | F2: 2026년 4월 | G2: 2026년 5월 | H2: 2026년 6월 | I2: 2026년 7월 | J2: 2026년 8월 | K2: 2026년 9월 | L2: 2026년 10월 | M2: 2026년 11월 | N2: 2026년 12월 | P2: 당월 | Q2: 연간누계
A3: Ⅰ. 매 출 액 | B3: =SUM(C3:N3) -> 6795051033 | C3: =SUM(C4:C7) -> 284712111 | D3: =SUM(D4:D7) -> 507895922 | E3: =SUM(E4:E7) -> 500000000 | F3: =SUM(F4:F7) -> 628327000 | G3: =SUM(G4:G7) -> 630827000 | H3: =SUM(H4:H7) -> 630827000 | I3: =SUM(I4:I7) -> 558327000 | J3: =SUM(J4:J7) -> 340827000 | ... N3: =SUM(N4:N7) -> 651327000 | P3: =D3 -> 507895922 | Q3: =SUM(C3:N3) -> 6795051033 | R3: =Q3=B3 -> 1
A4: 상품(재고)매출 | B4: =SUM(C4:N4) -> 951064311 | C4: 284712111 | D4: 507895922 | E4: =-E12 -> 19742713 | F4: =-F12 -> 19742713 | G4: =-G12 -> 19742713 | H4: =-H12 -> 19742713 | I4: =-I12 -> 19742713 | J4: =-J12 -> 19742713 | K4: =-K12 -> 10000000 | L4: =-L12 -> 10000000 | ... N4: =-N12 -> 10000000 | P4: =D4 -> 507895922 | Q4: =SUM(C4:N4) -> 951064311 | R4: =Q4=B4 -> 1
A5: 아웃웨어매출 | B5: =SUM(C5:N5) -> 4194043722 | E5: =500000000-E4 -> 480257287 | F5: =505000000-F4 -> 485257287 | G5: =350000*1450-G4 -> 487757287 | H5: =350000*1450-H4 -> 487757287 | I5: =300000*1450-I4 -> 415257287 | J5: =150000*1450-J4 -> 197757287 | K5: =420000000-K4 -> 410000000 | L5: =420000000-L4 -> 410000000 | M5: =420000000-M4 -> 410000000 | N5: =420000000-N4 -> 410000000 | P5: =D5 -> 0 | Q5: =SUM(C5:N5) -> 4194043722 | R5: =Q5=B5 -> 1
A6: 브랜드운영매출 | B6: =SUM(C6:N6) -> 540000000 | K6: =100000000*1.08 -> 108000000 | L6: =100000000*1.08 -> 108000000 | M6: =200000000*1.08 -> 216000000 | N6: =100000000*1.08 -> 108000000 | P6: =D6 -> 0 | Q6: =SUM(C6:N6) -> 540000000 | R6: =Q6=B6 -> 1
A7: 미소로매출 | B7: =SUM(C7:N7) -> 1109943000 | F7: =115800000*1.065 -> 123327000 | G7: =115800000*1.065 -> 123327000 | H7: =115800000*1.065 -> 123327000 | I7: =115800000*1.065 -> 123327000 | J7: =115800000*1.065 -> 123327000 | K7: =115800000*1.065 -> 123327000 | L7: =115800000*1.065 -> 123327000 | M7: =115800000*1.065 -> 123327000 | N7: =115800000*1.065 -> 123327000 | P7: =D7 -> 0 | Q7: =SUM(C7:N7) -> 1109943000 | R7: =Q7=B7 -> 1
A8: Ⅱ. 매 출 원 가 | B8: =SUM(C8:N8) -> 6.1968148e+09 | C8: =C9+C14 -> 238215409 | D8: =D9+D14 -> 453028039 | E8: =E9+E14 -> 4.5384314e+08 | F8: =F9+F14 -> 5.7436814e+08 | G8: =G9+G14 -> 5.7673064e+08 | H8: =H9+H14 -> 5.7673064e+08 | I8: =I9+I14 -> 5.0821814e+08 | J8: =J9+J14 -> 3.0268064e+08 | ... N8: =N9+N14 -> 603250000 | P8: =D8 -> 453028039 | Q8: =SUM(C8:N8) -> 6.1968148e+09 | R8: =Q8=B8 -> 1
A9: 상 품 매 출 원 가 | B9: =B10+B11-B13+B12 -> 2233443448 | C9: =C10+C11-C13+C12 -> 238215409 | D9: =D10+D11-D13+D12 -> 453028039 | E9: =E10+E11-E13+E12 -> 0 | F9: =F10+F11-F13+F12 -> 115800000 | G9: =G10+G11-G13+G12 -> 115800000 | H9: =H10+H11-H13+H12 -> 115800000 | I9: =I10+I11-I13+I12 -> 115800000 | ... N9: =N10+N11-N13+N12 -> 215800000 | P9: =D9 -> 453028039 | Q9: =SUM(C9:N9) -> 2233443448 | R9: =Q9=B9 -> 1
A10: 기 초 상 품 재고액 | B10: =C10 -> 1089627615 | C10: 1089627615 | D10: =C13 -> 1078344448 | E10: =D13 -> 1064999154 | F10: =E13 -> 1045256441 | G10: =F13 -> 1025513728 | H10: =G13 -> 1005771015 | I10: =H13 -> 986028302 | J10: =I13 -> 966285589 | K10: =J13 -> 946542876 | ... N10: =M13 -> 916542876 | P10: =D10 -> 1078344448 | Q10: =SUM(C10) -> 1089627615 | R10: =Q10=B10 -> 1
A11: 당 기 상 품 매입액 | B11: =SUM(C11:N11) -> 2233179105 | C11: 238134551 | D11: 452844554 | F11: 115800000 | G11: 115800000 | H11: 115800000 | I11: 115800000 | J11: 115800000 | K11: =100000000+115800000 -> 215800000 | L11: =100000000+115800000 -> 215800000 | M11: =200000000+115800000 -> 315800000 | N11: =100000000+115800000 -> 215800000 | P11: =D11 -> 452844554 | Q11: =SUM(C11:N11) -> 2233179105 | R11: =Q11=B11 -> 1
A12: 재고자산 평가 손실 | B12: =SUM(C12:N12) -> -182820396 | C12: -11202309 | D12: -13161809 | E12: -19742713 | F12: -19742713 | G12: -19742713 | H12: -19742713 | I12: -19742713 | J12: -19742713 | K12: -10000000 | L12: -10000000 | M12: -10000000 | N12: -10000000 | P12: =D12 -> -13161809 | Q12: =SUM(C12:N12) -> -182820396 | R12: =Q12=B12 -> 1 | S12: =D12*-10 -> 131618090
A13: 기 말 상 품 재고액 | B13: =N13 -> 906542876 | C13: 1078344448 | D13: 1064999154 | E13: =E10+E12 -> 1045256441 | F13: =F10+F12 -> 1025513728 | G13: =G10+G12 -> 1005771015 | H13: =H10+H12 -> 986028302 | I13: =I10+I12 -> 966285589 | J13: =J10+J12 -> 946542876 | K13: =K10+K12 -> 936542876 | L13: =L10+L12 -> 926542876 | ... N13: =N10+N12 -> 906542876 | P13: =D13 -> 1064999154 | Q13: =SUM(N13) -> 906542876 | R13: =Q13=B13 -> 1
A14: 제 품 매 출 원 가 | B14: =B15+B16-B17 -> 3.9633713e+09 | C14: =C15+C16-C17 -> 0 | D14: =D15+D16-D17 -> 0 | E14: =E15+E16-E17 -> 4.5384314e+08 | F14: =F15+F16-F17 -> 4.5856814e+08 | G14: =G15+G16-G17 -> 4.6093064e+08 | H14: =H15+H16-H17 -> 4.6093064e+08 | I14: =I15+I16-I17 -> 3.9241814e+08 | ... N14: =N15+N16-N17 -> 387450000 | P14: =D14 -> 0 | Q14: =SUM(C14:N14) -> 3.9633713e+09 | R14: =Q14=B14 -> 1
A15: 기 초 제 품 재고액 | B15: =C15 -> 230834232 | C15: 230834232 | D15: =C17 -> 230834232 | E15: =D17 -> 230834232 | F15: =E17 -> 230834232 | G15: =F17 -> 230834232 | H15: =G17 -> 230834232 | I15: =H17 -> 230834232 | J15: =I17 -> 230834232 | K15: =J17 -> 230834232 | ... N15: =M17 -> 230834232 | P15: =D15 -> 230834232 | Q15: =SUM(C15) -> 230834232 | R15: =Q15=B15 -> 1
A16: 당 기 제품제조원가 | B16: =SUM(C16:N16) -> 3.9633713e+09 | E16: =E5*94.5% -> 4.5384314e+08 | F16: =F5*94.5% -> 4.5856814e+08 | G16: =G5*94.5% -> 4.6093064e+08 | H16: =H5*94.5% -> 4.6093064e+08 | I16: =I5*94.5% -> 3.9241814e+08 | J16: =J5*94.5% -> 1.8688064e+08 | K16: =K5*94.5% -> 387450000 | L16: =L5*94.5% -> 387450000 | ... N16: =N5*94.5% -> 387450000 | P16: =D16 -> 0 | Q16: =SUM(C16:N16) -> 3.9633713e+09 | R16: =Q16=B16 -> 1
A17: 기 말 제 품 재고액 | B17: =D17 -> 230834232 | C17: 230834232 | D17: 230834232 | E17: =E15 -> 230834232 | F17: =F15 -> 230834232 | G17: =G15 -> 230834232 | H17: =H15 -> 230834232 | I17: =I15 -> 230834232 | J17: =J15 -> 230834232 | K17: =K15 -> 230834232 | L17: =L15 -> 230834232 | ... N17: =N15 -> 230834232 | P17: =D17 -> 230834232 | Q17: =SUM(D17) -> 230834232 | R17: =Q17=B17 -> 1
A18: Ⅲ. 매 출 총 이 익 | B18: =SUM(C18:N18) -> 5.9823627e+08 | C18: =C3-C8 -> 46496702 | D18: =D3-D8 -> 54867883 | E18: =E3-E8 -> 46156864 | F18: =F3-F8 -> 53958864 | G18: =G3-G8 -> 54096364 | H18: =H3-H8 -> 54096364 | I18: =I3-I8 -> 50108864 | J18: =J3-J8 -> 38146364 | ... N18: =N3-N8 -> 48077000 | P18: =D18 -> 54867883 | Q18: =SUM(C18:N18) -> 5.9823627e+08 | R18: =Q18=B18 -> 1
A19: Ⅳ. 판 매 비 와 관 리 비 | B19: =SUM(C19:N19) -> 319270960 | C19: =SUM(C20:C40) -> 41861314 | D19: =SUM(D20:D40) -> 43908346 | E19: =SUM(E20:E40) -> 27541130 | F19: =SUM(F20:F40) -> 29191130 | G19: =SUM(G20:G40) -> 21371130 | H19: =SUM(H20:H40) -> 21371130 | I19: =SUM(I20:I40) -> 21371130 | J19: =SUM(J20:J40) -> 21371130 | ... N19: =SUM(N20:N40) -> 27171130 | P19: =D19 -> 43908346 | Q19: =SUM(C19:N19) -> 319270960 | R19: =Q19=B19 -> 1
A20: 직 원 급 여 | B20: =SUM(C20:N20) -> 221710020 | C20: 20855010 | D20: 20855010 | E20: 18000000 | F20: 18000000 | G20: 18000000 | H20: 18000000 | I20: 18000000 | J20: 18000000 | K20: 18000000 | L20: 18000000 | M20: 18000000 | N20: 18000000 | P20: =D20 -> 20855010 | Q20: =SUM(C20:N20) -> 221710020 | R20: =Q20=B20 -> 1
A21: 상 여 금 | B21: =SUM(C21:N21) -> 2000000 | D21: 2000000 | P21: =D21 -> 2000000 | Q21: =SUM(C21:N21) -> 2000000 | R21: =Q21=B21 -> 1
A22: 잡 급 | B22: =SUM(C22:N22) -> 0 | P22: =D22 -> 0 | Q22: =SUM(C22:N22) -> 0 | R22: =Q22=B22 -> 1
A23: 퇴 직 급 여 | B23: =SUM(C23:N23) -> 4781390 | C23: 599029 | D23: 682361 | E23: 350000 | F23: 350000 | G23: 350000 | H23: 350000 | I23: 350000 | J23: 350000 | K23: 350000 | L23: 350000 | M23: 350000 | N23: 350000 | P23: =D23 -> 682361 | Q23: =SUM(C23:N23) -> 4781390 | R23: =Q23=B23 -> 1
A24: 복 리 후 생 비 | B24: =SUM(C24:N24) -> 5905200 | C24: 437700 | D24: 467500 | E24: 500000 | F24: 500000 | G24: 500000 | H24: 500000 | I24: 500000 | J24: 500000 | K24: 500000 | L24: 500000 | M24: 500000 | N24: 500000 | P24: =D24 -> 467500 | Q24: =SUM(C24:N24) -> 5905200 | R24: =Q24=B24 -> 1
A25: 여 비 교 통 비 | B25: =SUM(C25:N25) -> 2124100 | C25: 112700 | D25: 161400 | E25: 500000 | F25: 150000 | G25: 150000 | H25: 150000 | I25: 150000 | J25: 150000 | K25: 150000 | L25: 150000 | M25: 150000 | N25: 150000 | P25: =D25 -> 161400 | Q25: =SUM(C25:N25) -> 2124100 | R25: =Q25=B25 -> 1
A26: 접 대 비 | B26: =SUM(C26:N26) -> 0 | P26: =D26 -> 0 | Q26: =SUM(C26:N26) -> 0 | R26: =Q26=B26 -> 1
A27: 통 신 비 | B27: =SUM(C27:N27) -> 1143633 | C27: 81452 | D27: 62181 | E27: 100000 | F27: 100000 | G27: 100000 | H27: 100000 | I27: 100000 | J27: 100000 | K27: 100000 | L27: 100000 | M27: 100000 | N27: 100000 | P27: =D27 -> 62181 | Q27: =SUM(C27:N27) -> 1143633 | R27: =Q27=B27 -> 1
A28: 전 력 비 | B28: =SUM(C28:N28) -> 389734 | C28: 127240 | D28: 62494 | E28: 100000 | F28: 100000 | P28: =D28 -> 62494 | Q28: =SUM(C28:N28) -> 389734 | R28: =Q28=B28 -> 1
A29: 세 금 과 공 과 금 | B29: =SUM(C29:N29) -> 17883900 | C29: 1446120 | D29: 1437780 | E29: 1500000 | F29: 1500000 | G29: 1500000 | H29: 1500000 | I29: 1500000 | J29: 1500000 | K29: 1500000 | L29: 1500000 | M29: 1500000 | N29: 1500000 | P29: =D29 -> 1437780 | Q29: =SUM(C29:N29) -> 17883900 | R29: =Q29=B29 -> 1
A30: 감 가 상 각 비 | B30: =SUM(C30:N30) -> 3613560 | C30: 301130 | D30: 301130 | E30: 301130 | F30: 301130 | G30: 301130 | H30: 301130 | I30: 301130 | J30: 301130 | K30: 301130 | L30: 301130 | M30: 301130 | N30: 301130 | P30: =D30 -> 301130 | Q30: =SUM(C30:N30) -> 3613560 | R30: =Q30=B30 -> 1
A31: 지 급 임 차 료 | B31: =SUM(C31:N31) -> 11200000 | C31: 2800000 | D31: 2800000 | E31: 2800000 | F31: 2800000 | P31: =D31 -> 2800000 | Q31: =SUM(C31:N31) -> 11200000 | R31: =Q31=B31 -> 1
A32: 보 험 료 | B32: =SUM(C32:N32) -> 2656192 | C32: 173666 | D32: 442526 | E32: 300000 | F32: 300000 | G32: 180000 | H32: 180000 | I32: 180000 | J32: 180000 | K32: 180000 | L32: 180000 | M32: 180000 | N32: 180000 | P32: =D32 -> 442526 | Q32: =SUM(C32:N32) -> 2656192 | R32: =Q32=B32 -> 1
A33: 차 량 유 지 비 | B33: =SUM(C33:N33) -> 220000 | C33: 20000 | E33: 20000 | F33: 20000 | G33: 20000 | H33: 20000 | I33: 20000 | J33: 20000 | K33: 20000 | L33: 20000 | M33: 20000 | N33: 20000 | P33: =D33 -> 0 | Q33: =SUM(C33:N33) -> 220000 | R33: =Q33=B33 -> 1
A34: 운 반 비 | B34: =SUM(C34:N34) -> 24743210 | C34: 10239992 | D34: 14303218 | E34: 20000 | F34: 20000 | G34: 20000 | H34: 20000 | I34: 20000 | J34: 20000 | K34: 20000 | L34: 20000 | M34: 20000 | N34: 20000 | P34: =D34 -> 14303218 | Q34: =SUM(C34:N34) -> 24743210 | R34: =Q34=B34 -> 1
A35: 소 모 품 비 | B35: =SUM(C35:N35) -> 603410 | C35: 33210 | D35: 70200 | E35: 50000 | F35: 50000 | G35: 50000 | H35: 50000 | I35: 50000 | J35: 50000 | K35: 50000 | L35: 50000 | M35: 50000 | N35: 50000 | P35: =D35 -> 70200 | Q35: =SUM(C35:N35) -> 603410 | R35: =Q35=B35 -> 1
A36: 지 급 수 수 료 | B36: =SUM(C36:N36) -> 20296611 | C36: 4634065 | D36: 262546 | E36: 3000000 | F36: 5000000 | G36: 200000 | H36: 200000 | I36: 200000 | J36: 200000 | K36: 200000 | L36: 200000 | M36: 200000 | N36: 6000000 | P36: =D36 -> 262546 | Q36: =SUM(C36:N36) -> 20296611 | R36: =Q36=B36 -> 1
A37: 광 고 선 전 비 | B37: =SUM(C37:N37) -> 0 | P37: =D37 -> 0 | Q37: =SUM(C37:N37) -> 0 | R37: =Q37=B37 -> 1
A38: 외 주 위 탁 비 | B38: =SUM(C38:N38) -> 0 | P38: =D38 -> 0 | Q38: =SUM(C38:N38) -> 0 | R38: =Q38=B38 -> 1
A39: 대 손 상 각 비 | B39: =SUM(C39:N39) -> 0 | P39: =D39 -> 0 | Q39: =SUM(C39:N39) -> 0 | R39: =Q39=B39 -> 1
A40: 외 주 용 역 비 | B40: =SUM(C40:N40) -> 0 | P40: =D40 -> 0 | Q40: =SUM(C40:N40) -> 0 | R40: =Q40=B40 -> 1
A41: Ⅴ. 영 업 이 익 | B41: =SUM(C41:N41) -> 2.7896531e+08 | C41: =C18-C19 -> 4635388 | D41: =D18-D19 -> 10959537 | E41: =E18-E19 -> 18615734 | F41: =F18-F19 -> 24767734 | G41: =G18-G19 -> 32725234 | H41: =H18-H19 -> 32725234 | I41: =I18-I19 -> 28737734 | J41: =J18-J19 -> 16775234 | ... N41: =N18-N19 -> 20905870 | P41: =D41 -> 10959537 | Q41: =SUM(C41:N41) -> 2.7896531e+08 | R41: =Q41=B41 -> 1
A42: Ⅵ. 영 업 외 수 익 | B42: =SUM(C42:N42) -> 110761720 | C42: =SUM(C43:C47) -> 10552447 | D42: =SUM(D43:D47) -> 10209273 | E42: =SUM(E43:E47) -> 9000000 | F42: =SUM(F43:F47) -> 9000000 | G42: =SUM(G43:G47) -> 9000000 | H42: =SUM(H43:H47) -> 9000000 | I42: =SUM(I43:I47) -> 9000000 | J42: =SUM(J43:J47) -> 9000000 | ... N42: =SUM(N43:N47) -> 9000000 | P42: =D42 -> 10209273 | Q42: =SUM(C42:N42) -> 110761720 | R42: =Q42=B42 -> 1
A43: 이 자 수 익 | B43: =SUM(C43:N43) -> 603 | C43: 603 | P43: =D43 -> 0 | Q43: =SUM(C43:N43) -> 603 | R43: =Q43=B43 -> 1
A44: 외 환 차 익 | B44: =SUM(C44:N44) -> 0 | P44: =D44 -> 0 | Q44: =SUM(C44:N44) -> 0 | R44: =Q44=B44 -> 1
A45: 전 기 오류수정이익 | B45: =SUM(C45:N45) -> 0 | P45: =D45 -> 0 | Q45: =SUM(C45:N45) -> 0 | R45: =Q45=B45 -> 1
A46: 지분법적용투자주식처분이익 | B46: =SUM(C46:N46) -> 0 | P46: =D46 -> 0 | Q46: =SUM(C46:N46) -> 0 | R46: =Q46=B46 -> 1
A47: 잡 이 익 | B47: =SUM(C47:N47) -> 110761117 | C47: 10551844 | D47: 10209273 | E47: 9000000 | F47: 9000000 | G47: 9000000 | H47: 9000000 | I47: 9000000 | J47: 9000000 | K47: 9000000 | L47: 9000000 | M47: 9000000 | N47: 9000000 | P47: =D47 -> 10209273 | Q47: =SUM(C47:N47) -> 110761117 | R47: =Q47=B47 -> 1
A48: Ⅶ. 영 업 외 비 용 | B48: =SUM(C48:N48) -> 1.2752979e+09 | C48: =SUM(C49:C53) -> 98935577 | D48: =SUM(D49:D53) -> 86428798 | E48: =SUM(E49:E53) -> 135000000 | F48: =SUM(F49:F53) -> 94000000 | G48: =SUM(G49:G53) -> 91186712 | H48: =SUM(H49:H53) -> 135000000 | I48: =SUM(I49:I53) -> 91186712 | J48: =SUM(J49:J53) -> 91186712 | ... N48: =SUM(N49:N53) -> 135000000 | P48: =D48 -> 86428798 | Q48: =SUM(C48:N48) -> 1.2752979e+09 | R48: =Q48=B48 -> 1
A49: 이 자 비 용 | B49: =SUM(C49:N49) -> 1.2752979e+09 | C49: 98935577 | D49: 86428798 | E49: 135000000 | F49: 94000000 | G49: 91186712 | H49: 135000000 | I49: 91186712 | J49: 91186712 | K49: 135000000 | L49: 91186712 | M49: 91186712 | N49: 135000000 | P49: =D49 -> 86428798 | Q49: =SUM(C49:N49) -> 1.2752979e+09 | R49: =Q49=B49 -> 1
A50: 외 환 차 손 | B50: =SUM(C50:N50) -> 0 | P50: =D50 -> 0 | Q50: =SUM(C50:N50) -> 0 | R50: =Q50=B50 -> 1
A51: 외 화 환 산 손 실 | B51: =SUM(C51:N51) -> 0 | P51: =D51 -> 0 | Q51: =SUM(C51:N51) -> 0 | R51: =Q51=B51 -> 1
A52: 유 형 자산처분손실 | B52: =SUM(C52:N52) -> 0 | P52: =D52 -> 0 | Q52: =SUM(C52:N52) -> 0 | R52: =Q52=B52 -> 1
A53: 잡 손 실 | B53: =SUM(C53:N53) -> 0 | P53: =D53 -> 0 | Q53: =SUM(C53:N53) -> 0 | R53: =Q53=B53 -> 1
A54: Ⅷ. 법 인 세 차 감 전 이 익 | B54: =SUM(C54:N54) -> -8.8557091e+08 | C54: =C41+C42-C48 -> -83747742 | D54: =D41+D42-D48 -> -65259988 | E54: =E41+E42-E48 -> -1.0738427e+08 | F54: =F41+F42-F48 -> -60232266 | G54: =G41+G42-G48 -> -49461479 | H54: =H41+H42-H48 -> -93274766 | I54: =I41+I42-I48 -> -53448979 | J54: =J41+J42-J48 -> -65411479 | ... N54: =N41+N42-N48 -> -105094130 | P54: =D54 -> -65259988 | Q54: =SUM(C54:N54) -> -8.8557091e+08 | R54: =Q54=B54 -> 1
A55: Ⅸ. 법 인 세 등 | B55: =SUM(C55:N55) -> 0 | P55: =D55 -> 0 | Q55: =SUM(C55:N55) -> 0 | R55: =Q55=B55 -> 1
A56: Ⅹ. 당 기 순 이 익 | B56: =SUM(C56:N56) -> -8.8557091e+08 | C56: =C54-C55 -> -83747742 | D56: =D54-D55 -> -65259988 | E56: =E54-E55 -> -1.0738427e+08 | F56: =F54-F55 -> -60232266 | G56: =G54-G55 -> -49461479 | H56: =H54-H55 -> -93274766 | I56: =I54-I55 -> -53448979 | J56: =J54-J55 -> -65411479 | ... N56: =N54-N55 -> -105094130 | P56: =D56 -> -65259988 | Q56: =SUM(C56:N56) -> -8.8557091e+08 | R56: =Q56=B56 -> 1
D59: NH | E59: =1500000000*3.75%/365*31 -> 4777397.3 | I59: 보유주식수 | J59: 36000000
D60: 쌤앤파커스 | E60: =550000000*4.6%/365*31 -> 2148767.1 | I60: 취득금액 | J60: 19070000000
D61: IUI | E61: =14300000000*6.6%/365*31 -> 80158356 | I61: 취득가액 | J61: =J60/J59 -> 529.72222
D62: 배여정 | E62: =700000000*6.9%/365*31 -> 4102191.8 | I62: 주당예상이익 | J62: 1000 | O62: 인건비 | P62: =SUM(P20:P23) -> 23537371 | Q62: =SUM(Q20:Q23) -> 228491410
E63: =SUM(E59:E62) -> 91186712 | I63: 판매예상수량 | J63: =B46/J62 -> 0 | O63: 간접인건비
I64: 의무보유일 | J64: 46593 | O64: 관리비 | P64: =+P19-P62-P65 -> 20069845 | Q64: =+Q19-Q62-Q65 -> 87165990
D65: 푸른(4억사용) | E65: =400000000*8.3%/12 -> 2766666.7 | O65: 감가상각비 | P65: =+P30 -> 301130 | Q65: =+Q30 -> 3613560
D66: 외화(분기) | E66: 43000000

Sheet Sheet1
B1: 2026년도 손익 예상
D3: (단위:백만원)
B4: 구분 | C4: 사업계획
B5: 매출액 | C5: ='PL_26 계획'!B3/1000000 -> 6795.051 | D5: =IFERROR(C5/C$5,"-") -> 1
B6: 매출원가 | C6: =('PL_26 계획'!B8-'PL_26 계획'!B12)/1000000 -> 6379.6352 | D6: =IFERROR(C6/C$5,"-") -> 0.93886494
B7: 원가환입(평가손실분) | C7: ='PL_26 계획'!B12/1000000 -> -182.8204 | D7: =IFERROR(C7/C$5,"-") -> -0.026904933
B8: 매출원가 | C8: =SUM(C6:C7) -> 6196.8148 | D8: =IFERROR(C8/C$5,"-") -> 0.91196
B9: 매출총이익 | C9: =C5-C8 -> 598.23627 | D9: =IFERROR(C9/C$5,"-") -> 0.088039996
B10: 직접 인건비 | D10: =IFERROR(C10/C$5,"-") -> 0
B11: 간접 인건비 | D11: =IFERROR(C11/C$5,"-") -> 0
B12: 관리비 | D12: =IFERROR(C12/C$5,"-") -> 0
B13: 감가상각비 | D13: =IFERROR(C13/C$5,"-") -> 0
B14: 판매 및 관리비 | C14: 319 | D14: =IFERROR(C14/C$5,"-") -> 0.046945931
B15: 영업이익 | C15: =C9-C14 -> 279.23627 | D15: =IFERROR(C15/C$5,"-") -> 0.041094065
B16: 영업외수익 | C16: 111 | D16: =IFERROR(C16/C$5,"-") -> 0.016335418
B17: 영업외비용 | C17: 1275.3 | D17: =IFERROR(C17/C$5,"-") -> 0.18768071
B18: 영업외손익 | C18: =C16-C17 -> -1164.3 | D18: =IFERROR(C18/C$5,"-") -> -0.17134529
B19: 경상이익 | C19: =C15+C16-C17 -> -885.06373 | D19: =IFERROR(C19/C$5,"-") -> -0.13025123
